Fecha,Hora,CMCC_Campamento_MP10_Observada
01/01/2024,0,12.859999656677246
01/01/2024,1,16.489999771118164
01/01/2024,2,28.040000915527344
01/01/2024,3,27.18000030517578
01/01/2024,4,34.790000915527344
01/01/2024,5,31.09000015258789
01/01/2024,6,32.15999984741211
01/01/2024,7,33.86000061035156
01/01/2024,8,31.76000022888184
01/01/2024,9,39.720001220703125
01/01/2024,10,30.790000915527344
01/01/2024,11,32.06999969482422
01/01/2024,12,32.099998474121094
01/01/2024,13,38.58000183105469
01/01/2024,14,32.29999923706055
01/01/2024,15,40.04999923706055
01/01/2024,16,47.810001373291016
01/01/2024,17,83.0
01/01/2024,18,67.69000244140625
01/01/2024,19,63.0099983215332
01/01/2024,20,90.5
01/01/2024,21,94.6999969482422
01/01/2024,22,73.05999755859375
01/01/2024,23,53.369998931884766
01/02/2024,0,52.880001068115234
01/02/2024,1,50.470001220703125
01/02/2024,2,62.93999862670898
01/02/2024,3,59.38999938964844
01/02/2024,4,44.04999923706055
01/02/2024,5,45.09000015258789
01/02/2024,6,43.81999969482422
01/02/2024,7,44.310001373291016
01/02/2024,8,43.54999923706055
01/02/2024,9,47.47999954223633
01/02/2024,10,38.63999938964844
01/02/2024,11,36.04999923706055
01/02/2024,12,32.11000061035156
01/02/2024,13,35.939998626708984
01/02/2024,14,37.22999954223633
01/02/2024,15,26.799999237060547
01/02/2024,16,34.310001373291016
01/02/2024,17,44.68999862670898
01/02/2024,18,47.27999877929688
01/02/2024,19,48.310001373291016
01/02/2024,20,31.57999992370605
01/02/2024,21,32.290000915527344
01/02/2024,22,47.56999969482422
01/02/2024,23,47.790000915527344
01/03/2024,0,38.95000076293945
01/03/2024,1,41.13999938964844
01/03/2024,2,36.18000030517578
01/03/2024,3,46.08000183105469
01/03/2024,4,28.649999618530277
01/03/2024,5,30.90999984741211
01/03/2024,6,27.200000762939453
01/03/2024,7,27.399999618530277
01/03/2024,8,22.420000076293945
01/03/2024,9,26.270000457763672
01/03/2024,10,23.950000762939453
01/03/2024,11,22.530000686645508
01/03/2024,12,27.850000381469727
01/03/2024,13,22.709999084472656
01/03/2024,14,35.83000183105469
01/03/2024,15,51.79999923706055
01/03/2024,16,76.66000366210938
01/03/2024,17,80.69999694824219
01/03/2024,18,78.9800033569336
01/03/2024,19,95.9000015258789
01/03/2024,20,108.6999969482422
01/03/2024,21,101.0999984741211
01/03/2024,22,75.47000122070312
01/03/2024,23,48.34000015258789
01/04/2024,0,32.43000030517578
01/04/2024,1,37.15999984741211
01/04/2024,2,29.770000457763672
01/04/2024,3,43.40999984741211
01/04/2024,4,42.59999847412109
01/04/2024,5,52.61000061035156
01/04/2024,6,68.01000213623047
01/04/2024,7,58.86000061035156
01/04/2024,8,65.55000305175781
01/04/2024,9,63.56999969482422
01/04/2024,10,35.06999969482422
01/04/2024,11,28.07999992370605
01/04/2024,12,29.170000076293945
01/04/2024,13,37.150001525878906
01/04/2024,14,41.290000915527344
01/04/2024,15,40.119998931884766
01/04/2024,16,51.63999938964844
01/04/2024,17,67.26000213623047
01/04/2024,18,89.0999984741211
01/04/2024,19,82.5
01/04/2024,20,46.2400016784668
01/04/2024,21,32.61000061035156
01/04/2024,22,28.459999084472656
01/04/2024,23,22.06999969482422
01/05/2024,0,18.1299991607666
01/05/2024,1,20.540000915527344
01/05/2024,2,21.88999938964844
01/05/2024,3,24.290000915527344
01/05/2024,4,20.56999969482422
01/05/2024,5,26.899999618530277
01/05/2024,6,33.27000045776367
01/05/2024,7,27.489999771118164
01/05/2024,8,27.600000381469727
01/05/2024,9,30.229999542236328
01/05/2024,10,31.76000022888184
01/05/2024,11,26.59000015258789
01/05/2024,12,22.63999938964844
01/05/2024,13,24.030000686645508
01/05/2024,14,29.190000534057617
01/05/2024,15,43.869998931884766
01/05/2024,16,74.08999633789062
01/05/2024,17,75.68000030517578
01/05/2024,18,80.4000015258789
01/05/2024,19,74.6500015258789
01/05/2024,20,56.31999969482422
01/05/2024,21,45.59000015258789
01/05/2024,22,26.229999542236328
01/05/2024,23,20.75
01/06/2024,0,32.04999923706055
01/06/2024,1,31.13999938964844
01/06/2024,2,24.649999618530277
01/06/2024,3,29.649999618530277
01/06/2024,4,28.38999938964844
01/06/2024,5,33.45000076293945
01/06/2024,6,29.809999465942383
01/06/2024,7,29.989999771118164
01/06/2024,8,35.5099983215332
01/06/2024,9,35.810001373291016
01/06/2024,10,30.670000076293945
01/06/2024,11,29.34000015258789
01/06/2024,12,22.82999992370605
01/06/2024,13,26.63999938964844
01/06/2024,14,26.770000457763672
01/06/2024,15,41.2400016784668
01/06/2024,16,34.880001068115234
01/06/2024,17,60.58000183105469
01/06/2024,18,93.0
01/06/2024,19,94.3000030517578
01/06/2024,20,99.0
01/06/2024,21,112.9000015258789
01/06/2024,22,136.89999389648438
01/06/2024,23,115.8000030517578
01/07/2024,0,111.5
01/07/2024,1,110.1999969482422
01/07/2024,2,112.9000015258789
01/07/2024,3,60.900001525878906
01/07/2024,4,58.59999847412109
01/07/2024,5,32.91999816894531
01/07/2024,6,34.90999984741211
01/07/2024,7,43.0
01/07/2024,8,36.0
01/07/2024,9,35.91999816894531
01/07/2024,10,33.38999938964844
01/07/2024,11,33.41999816894531
01/07/2024,12,30.809999465942383
01/07/2024,13,34.7400016784668
01/07/2024,14,33.599998474121094
01/07/2024,15,26.940000534057617
01/07/2024,16,30.63999938964844
01/07/2024,17,33.209999084472656
01/07/2024,18,149.60000610351562
01/07/2024,19,386.3999938964844
01/07/2024,20,230.5
01/07/2024,21,102.1999969482422
01/07/2024,22,85.0
01/07/2024,23,98.9000015258789
01/08/2024,0,135.39999389648438
01/08/2024,1,152.8000030517578
01/08/2024,2,111.0
01/08/2024,3,93.0
01/08/2024,4,68.52999877929688
01/08/2024,5,39.880001068115234
01/08/2024,6,54.41999816894531
01/08/2024,7,35.88999938964844
01/08/2024,8,28.989999771118164
01/08/2024,9,30.38999938964844
01/08/2024,10,25.32999992370605
01/08/2024,11,22.6200008392334
01/08/2024,12,26.459999084472656
01/08/2024,13,26.56999969482422
01/08/2024,14,29.200000762939453
01/08/2024,15,20.280000686645508
01/08/2024,16,34.220001220703125
01/08/2024,17,21.520000457763672
01/08/2024,18,23.76000022888184
01/08/2024,19,29.950000762939453
01/08/2024,20,18.46999931335449
01/08/2024,21,5.415999889373779
01/08/2024,22,3.9260001182556152
01/08/2024,23,3.880000114440918
01/09/2024,0,5.0320000648498535
01/09/2024,1,10.130000114440918
01/09/2024,2,12.770000457763672
01/09/2024,3,19.239999771118164
01/09/2024,4,15.539999961853027
01/09/2024,5,20.420000076293945
01/09/2024,6,24.350000381469727
01/09/2024,7,24.690000534057617
01/09/2024,8,23.790000915527344
01/09/2024,9,23.90999984741211
01/09/2024,10,27.96999931335449
01/09/2024,11,30.65999984741211
01/09/2024,12,111.5999984741211
01/09/2024,13,36.91999816894531
01/09/2024,14,36.31999969482422
01/09/2024,15,36.38999938964844
01/09/2024,16,64.80000305175781
01/09/2024,17,82.30000305175781
01/09/2024,18,188.6999969482422
01/09/2024,19,242.3999938964844
01/09/2024,20,196.6000061035156
01/09/2024,21,189.6999969482422
01/09/2024,22,101.4000015258789
01/09/2024,23,67.0199966430664
01/10/2024,0,55.97999954223633
01/10/2024,1,53.29999923706055
01/10/2024,2,65.69999694824219
01/10/2024,3,62.36000061035156
01/10/2024,4,68.62000274658203
01/10/2024,5,73.63999938964844
01/10/2024,6,75.13999938964844
01/10/2024,7,71.02999877929688
01/10/2024,8,70.16999816894531
01/10/2024,9,86.0999984741211
01/10/2024,10,69.83999633789062
01/10/2024,11,61.790000915527344
01/10/2024,12,44.63999938964844
01/10/2024,13,37.70000076293945
01/10/2024,14,45.36000061035156
01/10/2024,15,58.68999862670898
01/10/2024,16,58.88999938964844
01/10/2024,17,78.0999984741211
01/10/2024,18,96.0
01/10/2024,19,90.8000030517578
01/10/2024,20,107.8000030517578
01/10/2024,21,77.48999786376953
01/10/2024,22,60.040000915527344
01/10/2024,23,50.68000030517578
01/11/2024,0,31.540000915527344
01/11/2024,1,63.619998931884766
01/11/2024,2,49.459999084472656
01/11/2024,3,32.619998931884766
01/11/2024,4,27.299999237060547
01/11/2024,5,30.940000534057617
01/11/2024,6,63.75
01/11/2024,7,59.0099983215332
01/11/2024,8,49.02000045776367
01/11/2024,9,23.15999984741211
01/11/2024,10,44.5
01/11/2024,11,28.5
01/11/2024,12,34.40999984741211
01/11/2024,13,45.08000183105469
01/11/2024,14,41.619998931884766
01/11/2024,15,64.88999938964844
01/11/2024,16,138.39999389648438
01/11/2024,17,128.0
01/11/2024,18,333.20001220703125
01/11/2024,19,308.3999938964844
01/11/2024,20,210.6999969482422
01/11/2024,21,83.69999694824219
01/11/2024,22,65.16000366210938
01/11/2024,23,73.31999969482422
01/12/2024,0,33.310001373291016
01/12/2024,1,56.04999923706055
01/12/2024,2,30.3799991607666
01/12/2024,3,37.09999847412109
01/12/2024,4,34.88999938964844
01/12/2024,5,42.290000915527344
01/12/2024,6,85.0999984741211
01/12/2024,7,101.3000030517578
01/12/2024,8,73.19999694824219
01/12/2024,9,31.479999542236328
01/12/2024,10,39.66999816894531
01/12/2024,11,38.61000061035156
01/12/2024,12,38.650001525878906
01/12/2024,13,41.34999847412109
01/12/2024,14,38.86000061035156
01/12/2024,15,71.37000274658203
01/12/2024,16,79.97000122070312
01/12/2024,17,82.4000015258789
01/12/2024,18,118.0
01/12/2024,19,101.1999969482422
01/12/2024,20,55.90999984741211
01/12/2024,21,21.600000381469727
01/12/2024,22,21.899999618530277
01/12/2024,23,24.399999618530277
01/13/2024,0,12.010000228881836
01/13/2024,1,19.07999992370605
01/13/2024,2,23.059999465942383
01/13/2024,3,14.359999656677246
01/13/2024,4,20.36000061035156
01/13/2024,5,20.549999237060547
01/13/2024,6,18.07999992370605
01/13/2024,7,24.399999618530277
01/13/2024,8,30.0
01/13/2024,9,25.100000381469727
01/13/2024,10,28.920000076293945
01/13/2024,11,33.08000183105469
01/13/2024,12,32.040000915527344
01/13/2024,13,37.220001220703125
01/13/2024,14,36.209999084472656
01/13/2024,15,56.81999969482422
01/13/2024,16,68.94999694824219
01/13/2024,17,65.11000061035156
01/13/2024,18,45.40999984741211
01/13/2024,19,53.310001373291016
01/13/2024,20,63.290000915527344
01/13/2024,21,39.709999084472656
01/13/2024,22,27.57999992370605
01/13/2024,23,28.26000022888184
01/14/2024,0,29.670000076293945
01/14/2024,1,69.91999816894531
01/14/2024,2,43.52999877929688
01/14/2024,3,56.56999969482422
01/14/2024,4,48.130001068115234
01/14/2024,5,40.15999984741211
01/14/2024,6,33.7400016784668
01/14/2024,7,35.2599983215332
01/14/2024,8,27.950000762939453
01/14/2024,9,22.549999237060547
01/14/2024,10,26.34000015258789
01/14/2024,11,29.059999465942383
01/14/2024,12,34.45000076293945
01/14/2024,13,46.459999084472656
01/14/2024,14,26.020000457763672
01/14/2024,15,46.20000076293945
01/14/2024,16,52.09000015258789
01/14/2024,17,62.2400016784668
01/14/2024,18,62.25
01/14/2024,19,53.970001220703125
01/14/2024,20,44.47999954223633
01/14/2024,21,35.439998626708984
01/14/2024,22,43.77999877929688
01/14/2024,23,34.029998779296875
01/15/2024,0,22.3799991607666
01/15/2024,1,23.31999969482422
01/15/2024,2,19.530000686645508
01/15/2024,3,18.07999992370605
01/15/2024,4,21.84000015258789
01/15/2024,5,29.649999618530277
01/15/2024,6,28.56999969482422
01/15/2024,7,18.57999992370605
01/15/2024,8,29.979999542236328
01/15/2024,9,24.100000381469727
01/15/2024,10,22.6299991607666
01/15/2024,11,33.0099983215332
01/15/2024,12,23.020000457763672
01/15/2024,13,33.209999084472656
01/15/2024,14,27.09000015258789
01/15/2024,15,42.59999847412109
01/15/2024,16,44.25
01/15/2024,17,59.560001373291016
01/15/2024,18,99.0999984741211
01/15/2024,19,219.1999969482422
01/15/2024,20,278.70001220703125
01/15/2024,21,339.8999938964844
01/15/2024,22,280.6000061035156
01/15/2024,23,308.8999938964844
01/16/2024,0,420.2999877929688
01/16/2024,1,434.5
01/16/2024,2,389.7000122070313
01/16/2024,3,361.1000061035156
01/16/2024,4,260.29998779296875
01/16/2024,5,218.3999938964844
01/16/2024,6,259.6000061035156
01/16/2024,7,257.20001220703125
01/16/2024,8,203.3999938964844
01/16/2024,9,189.5
01/16/2024,10,112.1999969482422
01/16/2024,11,100.9000015258789
01/16/2024,12,99.5999984741211
01/16/2024,13,78.76000213623047
01/16/2024,14,83.30000305175781
01/16/2024,15,69.80999755859375
01/16/2024,16,80.80000305175781
01/16/2024,17,61.58000183105469
01/16/2024,18,59.66999816894531
01/16/2024,19,63.369998931884766
01/16/2024,20,56.86000061035156
01/16/2024,21,44.84000015258789
01/16/2024,22,30.440000534057617
01/16/2024,23,50.22999954223633
01/17/2024,0,30.56999969482422
01/17/2024,1,37.45000076293945
01/17/2024,2,28.84000015258789
01/17/2024,3,28.61000061035156
01/17/2024,4,35.0
01/17/2024,5,28.770000457763672
01/17/2024,6,36.15999984741211
01/17/2024,7,32.83000183105469
01/17/2024,8,48.65999984741211
01/17/2024,9,48.02999877929688
01/17/2024,10,40.40999984741211
01/17/2024,11,50.65999984741211
01/17/2024,12,30.11000061035156
01/17/2024,13,33.439998626708984
01/17/2024,14,34.779998779296875
01/17/2024,15,34.810001373291016
01/17/2024,16,34.689998626708984
01/17/2024,17,32.0
01/17/2024,18,54.86000061035156
01/17/2024,19,48.90999984741211
01/17/2024,20,33.18000030517578
01/17/2024,21,21.1299991607666
01/17/2024,22,16.84000015258789
01/17/2024,23,25.6299991607666
01/18/2024,0,25.979999542236328
01/18/2024,1,26.0
01/18/2024,2,28.3799991607666
01/18/2024,3,17.049999237060547
01/18/2024,4,21.790000915527344
01/18/2024,5,12.010000228881836
01/18/2024,6,14.119999885559082
01/18/2024,7,28.209999084472656
01/18/2024,8,20.11000061035156
01/18/2024,9,28.81999969482422
01/18/2024,10,26.780000686645508
01/18/2024,11,20.3700008392334
01/18/2024,12,29.1299991607666
01/18/2024,13,44.97999954223633
01/18/2024,14,32.70000076293945
01/18/2024,15,38.720001220703125
01/18/2024,16,46.59000015258789
01/18/2024,17,62.20000076293945
01/18/2024,18,49.65999984741211
01/18/2024,19,47.369998931884766
01/18/2024,20,36.880001068115234
01/18/2024,21,30.18000030517578
01/18/2024,22,17.15999984741211
01/18/2024,23,24.3799991607666
01/19/2024,0,20.93000030517578
01/19/2024,1,29.600000381469727
01/19/2024,2,20.979999542236328
01/19/2024,3,24.440000534057617
01/19/2024,4,23.3700008392334
01/19/2024,5,24.559999465942383
01/19/2024,6,18.399999618530277
01/19/2024,7,18.280000686645508
01/19/2024,8,19.790000915527344
01/19/2024,9,23.790000915527344
01/19/2024,10,21.3700008392334
01/19/2024,11,25.229999542236328
01/19/2024,12,34.529998779296875
01/19/2024,13,40.16999816894531
01/19/2024,14,29.59000015258789
01/19/2024,15,20.239999771118164
01/19/2024,16,31.520000457763672
01/19/2024,17,47.02000045776367
01/19/2024,18,95.6999969482422
01/19/2024,19,41.20000076293945
01/19/2024,20,50.54999923706055
01/19/2024,21,38.290000915527344
01/19/2024,22,42.95000076293945
01/19/2024,23,27.940000534057617
01/20/2024,0,24.71999931335449
01/20/2024,1,16.979999542236328
01/20/2024,2,14.289999961853027
01/20/2024,3,12.850000381469728
01/20/2024,4,16.510000228881836
01/20/2024,5,18.020000457763672
01/20/2024,6,20.549999237060547
01/20/2024,7,19.65999984741211
01/20/2024,8,46.52000045776367
01/20/2024,9,24.68000030517578
01/20/2024,10,30.440000534057617
01/20/2024,11,33.33000183105469
01/20/2024,12,32.27000045776367
01/20/2024,13,40.04999923706055
01/20/2024,14,27.209999084472656
01/20/2024,15,26.61000061035156
01/20/2024,16,30.209999084472656
01/20/2024,17,31.690000534057617
01/20/2024,18,53.29999923706055
01/20/2024,19,86.80000305175781
01/20/2024,20,47.2400016784668
01/20/2024,21,21.6299991607666
01/20/2024,22,13.149999618530272
01/20/2024,23,16.6200008392334
01/21/2024,0,10.539999961853027
01/21/2024,1,27.790000915527344
01/21/2024,2,9.56999969482422
01/21/2024,3,12.649999618530272
01/21/2024,4,10.359999656677246
01/21/2024,5,17.790000915527344
01/21/2024,6,18.06999969482422
01/21/2024,7,22.01000022888184
01/21/2024,8,32.650001525878906
01/21/2024,9,25.3799991607666
01/21/2024,10,21.309999465942383
01/21/2024,11,20.049999237060547
01/21/2024,12,17.280000686645508
01/21/2024,13,
01/21/2024,14,
01/21/2024,15,
01/21/2024,16,
01/21/2024,17,0.7329999804496765
01/21/2024,18,1276.0
01/21/2024,19,74.31999969482422
01/21/2024,20,33.880001068115234
01/21/2024,21,40.34000015258789
01/21/2024,22,29.06999969482422
01/21/2024,23,19.82999992370605
01/22/2024,0,8.229999542236328
01/22/2024,1,11.529999732971191
01/22/2024,2,11.670000076293944
01/22/2024,3,15.3100004196167
01/22/2024,4,22.959999084472656
01/22/2024,5,16.850000381469727
01/22/2024,6,23.020000457763672
01/22/2024,7,20.809999465942383
01/22/2024,8,12.15999984741211
01/22/2024,9,19.540000915527344
01/22/2024,10,26.290000915527344
01/22/2024,11,33.060001373291016
01/22/2024,12,32.20000076293945
01/22/2024,13,23.059999465942383
01/22/2024,14,30.59000015258789
01/22/2024,15,32.31999969482422
01/22/2024,16,38.560001373291016
01/22/2024,17,78.45999908447266
01/22/2024,18,84.19999694824219
01/22/2024,19,154.10000610351562
01/22/2024,20,181.5
01/22/2024,21,56.68999862670898
01/22/2024,22,18.020000457763672
01/22/2024,23,15.56999969482422
01/23/2024,0,26.899999618530277
01/23/2024,1,34.7599983215332
01/23/2024,2,41.130001068115234
01/23/2024,3,37.59000015258789
01/23/2024,4,33.689998626708984
01/23/2024,5,37.34999847412109
01/23/2024,6,58.68000030517578
01/23/2024,7,42.38999938964844
01/23/2024,8,44.66999816894531
01/23/2024,9,38.65999984741211
01/23/2024,10,46.290000915527344
01/23/2024,11,35.189998626708984
01/23/2024,12,34.86000061035156
01/23/2024,13,31.059999465942383
01/23/2024,14,40.18999862670898
01/23/2024,15,36.630001068115234
01/23/2024,16,62.310001373291016
01/23/2024,17,33.40999984741211
01/23/2024,18,106.4000015258789
01/23/2024,19,79.0999984741211
01/23/2024,20,66.11000061035156
01/23/2024,21,35.06999969482422
01/23/2024,22,48.90999984741211
01/23/2024,23,36.72999954223633
01/24/2024,0,20.01000022888184
01/24/2024,1,21.88999938964844
01/24/2024,2,21.950000762939453
01/24/2024,3,32.0
01/24/2024,4,32.40999984741211
01/24/2024,5,33.68000030517578
01/24/2024,6,36.27999877929688
01/24/2024,7,39.29999923706055
01/24/2024,8,33.369998931884766
01/24/2024,9,41.0099983215332
01/24/2024,10,40.33000183105469
01/24/2024,11,41.560001373291016
01/24/2024,12,26.06999969482422
01/24/2024,13,33.310001373291016
01/24/2024,14,27.13999938964844
01/24/2024,15,33.380001068115234
01/24/2024,16,34.900001525878906
01/24/2024,17,76.19999694824219
01/24/2024,18,97.8000030517578
01/24/2024,19,69.58999633789062
01/24/2024,20,111.3000030517578
01/24/2024,21,62.0
01/24/2024,22,63.619998931884766
01/24/2024,23,65.0999984741211
01/25/2024,0,52.29999923706055
01/25/2024,1,45.560001373291016
01/25/2024,2,42.75
01/25/2024,3,48.93999862670898
01/25/2024,4,51.59000015258789
01/25/2024,5,55.4900016784668
01/25/2024,6,51.84999847412109
01/25/2024,7,42.130001068115234
01/25/2024,8,40.95000076293945
01/25/2024,9,50.060001373291016
01/25/2024,10,47.97999954223633
01/25/2024,11,42.86000061035156
01/25/2024,12,31.190000534057617
01/25/2024,13,37.2400016784668
01/25/2024,14,40.2400016784668
01/25/2024,15,44.08000183105469
01/25/2024,16,50.5
01/25/2024,17,109.5
01/25/2024,18,165.0
01/25/2024,19,165.60000610351562
01/25/2024,20,90.1999969482422
01/25/2024,21,29.57999992370605
01/25/2024,22,30.989999771118164
01/25/2024,23,22.25
01/26/2024,0,50.45000076293945
01/26/2024,1,17.8700008392334
01/26/2024,2,19.200000762939453
01/26/2024,3,31.68000030517578
01/26/2024,4,27.34000015258789
01/26/2024,5,33.290000915527344
01/26/2024,6,44.75
01/26/2024,7,49.27999877929688
01/26/2024,8,53.84999847412109
01/26/2024,9,32.66999816894531
01/26/2024,10,53.619998931884766
01/26/2024,11,56.02999877929688
01/26/2024,12,50.95000076293945
01/26/2024,13,40.66999816894531
01/26/2024,14,40.27000045776367
01/26/2024,15,34.95000076293945
01/26/2024,16,44.97999954223633
01/26/2024,17,119.6999969482422
01/26/2024,18,175.5
01/26/2024,19,189.1000061035156
01/26/2024,20,149.39999389648438
01/26/2024,21,43.29999923706055
01/26/2024,22,57.93000030517578
01/26/2024,23,72.18000030517578
01/27/2024,0,57.720001220703125
01/27/2024,1,77.05000305175781
01/27/2024,2,49.0
01/27/2024,3,24.1200008392334
01/27/2024,4,44.45000076293945
01/27/2024,5,89.0999984741211
01/27/2024,6,96.9000015258789
01/27/2024,7,76.6500015258789
01/27/2024,8,47.38999938964844
01/27/2024,9,47.66999816894531
01/27/2024,10,36.47999954223633
01/27/2024,11,44.959999084472656
01/27/2024,12,37.75
01/27/2024,13,31.049999237060547
01/27/2024,14,37.31999969482422
01/27/2024,15,41.459999084472656
01/27/2024,16,119.6999969482422
01/27/2024,17,247.5
01/27/2024,18,303.3999938964844
01/27/2024,19,126.5
01/27/2024,20,92.5
01/27/2024,21,44.880001068115234
01/27/2024,22,35.52000045776367
01/27/2024,23,45.04999923706055
01/28/2024,0,32.849998474121094
01/28/2024,1,39.81999969482422
01/28/2024,2,41.369998931884766
01/28/2024,3,42.66999816894531
01/28/2024,4,51.290000915527344
01/28/2024,5,65.37000274658203
01/28/2024,6,68.47000122070312
01/28/2024,7,63.95000076293945
01/28/2024,8,67.0199966430664
01/28/2024,9,43.31999969482422
01/28/2024,10,42.5
01/28/2024,11,38.7400016784668
01/28/2024,12,32.380001068115234
01/28/2024,13,32.20000076293945
01/28/2024,14,30.799999237060547
01/28/2024,15,36.09000015258789
01/28/2024,16,40.15999984741211
01/28/2024,17,47.72999954223633
01/28/2024,18,98.8000030517578
01/28/2024,19,69.63999938964844
01/28/2024,20,85.80000305175781
01/28/2024,21,76.0999984741211
01/28/2024,22,34.16999816894531
01/28/2024,23,22.3799991607666
01/29/2024,0,16.829999923706055
01/29/2024,1,17.950000762939453
01/29/2024,2,19.309999465942383
01/29/2024,3,18.049999237060547
01/29/2024,4,24.149999618530277
01/29/2024,5,48.20000076293945
01/29/2024,6,57.869998931884766
01/29/2024,7,51.150001525878906
01/29/2024,8,34.90999984741211
01/29/2024,9,35.709999084472656
01/29/2024,10,28.200000762939453
01/29/2024,11,0.6539999842643738
01/29/2024,12,0.6639999747276306
01/29/2024,13,0.6620000004768372
01/29/2024,14,30.93000030517578
01/29/2024,15,30.84000015258789
01/29/2024,16,37.209999084472656
01/29/2024,17,43.720001220703125
01/29/2024,18,65.22000122070312
01/29/2024,19,55.59999847412109
01/29/2024,20,34.7400016784668
01/29/2024,21,23.809999465942383
01/29/2024,22,29.59000015258789
01/29/2024,23,26.040000915527344
01/30/2024,0,29.6200008392334
01/30/2024,1,27.280000686645508
01/30/2024,2,17.040000915527344
01/30/2024,3,29.170000076293945
01/30/2024,4,24.670000076293945
01/30/2024,5,40.7400016784668
01/30/2024,6,37.68999862670898
01/30/2024,7,27.850000381469727
01/30/2024,8,25.1299991607666
01/30/2024,9,34.16999816894531
01/30/2024,10,32.189998626708984
01/30/2024,11,38.4900016784668
01/30/2024,12,29.770000457763672
01/30/2024,13,32.189998626708984
01/30/2024,14,46.5
01/30/2024,15,38.06999969482422
01/30/2024,16,31.190000534057617
01/30/2024,17,37.25
01/30/2024,18,70.4000015258789
01/30/2024,19,110.1999969482422
01/30/2024,20,150.60000610351562
01/30/2024,21,252.3999938964844
01/30/2024,22,195.6999969482422
01/30/2024,23,156.89999389648438
01/31/2024,0,146.10000610351562
01/31/2024,1,155.6999969482422
01/31/2024,2,155.3000030517578
01/31/2024,3,121.6999969482422
01/31/2024,4,126.1999969482422
01/31/2024,5,114.8000030517578
01/31/2024,6,65.73999786376953
01/31/2024,7,99.4000015258789
01/31/2024,8,66.5
01/31/2024,9,46.0099983215332
01/31/2024,10,53.0099983215332
01/31/2024,11,45.810001373291016
01/31/2024,12,46.880001068115234
01/31/2024,13,66.23999786376953
01/31/2024,14,55.54999923706055
01/31/2024,15,35.68000030517578
01/31/2024,16,37.34000015258789
01/31/2024,17,74.30000305175781
01/31/2024,18,114.5
01/31/2024,19,72.88999938964844
01/31/2024,20,41.75
01/31/2024,21,34.150001525878906
01/31/2024,22,23.8700008392334
01/31/2024,23,30.959999084472656
02/01/2024,0,31.280000686645508
02/01/2024,1,31.209999084472656
02/01/2024,2,21.09000015258789
02/01/2024,3,34.52000045776367
02/01/2024,4,32.5099983215332
02/01/2024,5,28.6200008392334
02/01/2024,6,33.5
02/01/2024,7,32.59000015258789
02/01/2024,8,41.88999938964844
02/01/2024,9,59.25
02/01/2024,10,71.98999786376953
02/01/2024,11,62.27000045776367
02/01/2024,12,53.9900016784668
02/01/2024,13,48.59000015258789
02/01/2024,14,47.20000076293945
02/01/2024,15,40.810001373291016
02/01/2024,16,46.79999923706055
02/01/2024,17,44.290000915527344
02/01/2024,18,84.5999984741211
02/01/2024,19,89.5999984741211
02/01/2024,20,72.94999694824219
02/01/2024,21,43.060001373291016
02/01/2024,22,40.41999816894531
02/01/2024,23,32.81999969482422
02/02/2024,0,13.729999542236328
02/02/2024,1,35.459999084472656
02/02/2024,2,27.71999931335449
02/02/2024,3,27.290000915527344
02/02/2024,4,23.51000022888184
02/02/2024,5,27.11000061035156
02/02/2024,6,28.36000061035156
02/02/2024,7,26.149999618530277
02/02/2024,8,34.04999923706055
02/02/2024,9,38.36000061035156
02/02/2024,10,36.22999954223633
02/02/2024,11,35.95000076293945
02/02/2024,12,37.2599983215332
02/02/2024,13,54.11000061035156
02/02/2024,14,29.34000015258789
02/02/2024,15,35.810001373291016
02/02/2024,16,47.52000045776367
02/02/2024,17,36.54999923706055
02/02/2024,18,57.16999816894531
02/02/2024,19,64.0199966430664
02/02/2024,20,40.36000061035156
02/02/2024,21,50.31999969482422
02/02/2024,22,34.40999984741211
02/02/2024,23,16.229999542236328
02/03/2024,0,30.530000686645508
02/03/2024,1,27.34000015258789
02/03/2024,2,24.51000022888184
02/03/2024,3,24.38999938964844
02/03/2024,4,31.8700008392334
02/03/2024,5,49.540000915527344
02/03/2024,6,40.36000061035156
02/03/2024,7,30.290000915527344
02/03/2024,8,40.29999923706055
02/03/2024,9,42.33000183105469
02/03/2024,10,32.4900016784668
02/03/2024,11,39.79999923706055
02/03/2024,12,22.15999984741211
02/03/2024,13,35.7400016784668
02/03/2024,14,36.36000061035156
02/03/2024,15,32.52000045776367
02/03/2024,16,47.5099983215332
02/03/2024,17,101.5999984741211
02/03/2024,18,138.39999389648438
02/03/2024,19,358.8999938964844
02/03/2024,20,257.70001220703125
02/03/2024,21,157.5
02/03/2024,22,62.5
02/03/2024,23,39.650001525878906
02/04/2024,0,63.4900016784668
02/04/2024,1,68.41999816894531
02/04/2024,2,78.4800033569336
02/04/2024,3,123.3000030517578
02/04/2024,4,109.0999984741211
02/04/2024,5,105.8000030517578
02/04/2024,6,96.0
02/04/2024,7,94.6999969482422
02/04/2024,8,55.59999847412109
02/04/2024,9,29.979999542236328
02/04/2024,10,36.650001525878906
02/04/2024,11,30.71999931335449
02/04/2024,12,49.63999938964844
02/04/2024,13,41.790000915527344
02/04/2024,14,68.33999633789062
02/04/2024,15,57.02999877929688
02/04/2024,16,78.05999755859375
02/04/2024,17,52.0
02/04/2024,18,55.540000915527344
02/04/2024,19,43.90999984741211
02/04/2024,20,39.41999816894531
02/04/2024,21,30.299999237060547
02/04/2024,22,32.27000045776367
02/04/2024,23,29.86000061035156
02/05/2024,0,22.309999465942383
02/05/2024,1,33.09000015258789
02/05/2024,2,27.459999084472656
02/05/2024,3,30.84000015258789
02/05/2024,4,17.290000915527344
02/05/2024,5,21.729999542236328
02/05/2024,6,30.780000686645508
02/05/2024,7,35.04999923706055
02/05/2024,8,40.369998931884766
02/05/2024,9,30.71999931335449
02/05/2024,10,35.529998779296875
02/05/2024,11,40.84999847412109
02/05/2024,12,27.25
02/05/2024,13,30.31999969482422
02/05/2024,14,34.18000030517578
02/05/2024,15,35.439998626708984
02/05/2024,16,56.7599983215332
02/05/2024,17,52.560001373291016
02/05/2024,18,52.15999984741211
02/05/2024,19,50.959999084472656
02/05/2024,20,24.670000076293945
02/05/2024,21,33.189998626708984
02/05/2024,22,11.34000015258789
02/05/2024,23,15.199999809265137
02/06/2024,0,12.90999984741211
02/06/2024,1,17.809999465942383
02/06/2024,2,14.300000190734863
02/06/2024,3,14.09000015258789
02/06/2024,4,10.380000114440918
02/06/2024,5,13.90999984741211
02/06/2024,6,14.100000381469728
02/06/2024,7,15.350000381469728
02/06/2024,8,15.56999969482422
02/06/2024,9,19.540000915527344
02/06/2024,10,26.1299991607666
02/06/2024,11,25.15999984741211
02/06/2024,12,24.030000686645508
02/06/2024,13,31.59000015258789
02/06/2024,14,38.150001525878906
02/06/2024,15,28.3700008392334
02/06/2024,16,37.90999984741211
02/06/2024,17,69.95999908447266
02/06/2024,18,82.4000015258789
02/06/2024,19,67.36000061035156
02/06/2024,20,80.19999694824219
02/06/2024,21,73.0999984741211
02/06/2024,22,62.66999816894531
02/06/2024,23,95.1999969482422
02/07/2024,0,62.369998931884766
02/07/2024,1,83.19999694824219
02/07/2024,2,66.9000015258789
02/07/2024,3,49.81999969482422
02/07/2024,4,52.81999969482422
02/07/2024,5,39.369998931884766
02/07/2024,6,42.34999847412109
02/07/2024,7,54.959999084472656
02/07/2024,8,66.0
02/07/2024,9,63.34999847412109
02/07/2024,10,81.0
02/07/2024,11,70.80999755859375
02/07/2024,12,35.02000045776367
02/07/2024,13,0.6759999990463257
02/07/2024,14,0.6980000138282776
02/07/2024,15,0.6970000267028809
02/07/2024,16,0.6840000152587891
02/07/2024,17,105.3000030517578
02/07/2024,18,119.5999984741211
02/07/2024,19,77.87000274658203
02/07/2024,20,50.68999862670898
02/07/2024,21,49.369998931884766
02/07/2024,22,41.959999084472656
02/07/2024,23,37.77999877929688
02/08/2024,0,46.040000915527344
02/08/2024,1,55.06999969482422
02/08/2024,2,49.33000183105469
02/08/2024,3,42.75
02/08/2024,4,41.209999084472656
02/08/2024,5,42.43000030517578
02/08/2024,6,40.04999923706055
02/08/2024,7,36.58000183105469
02/08/2024,8,33.15999984741211
02/08/2024,9,32.150001525878906
02/08/2024,10,25.549999237060547
02/08/2024,11,41.77999877929688
02/08/2024,12,42.65999984741211
02/08/2024,13,33.810001373291016
02/08/2024,14,30.8700008392334
02/08/2024,15,30.790000915527344
02/08/2024,16,39.810001373291016
02/08/2024,17,36.2599983215332
02/08/2024,18,79.73999786376953
02/08/2024,19,135.0
02/08/2024,20,101.0
02/08/2024,21,70.2699966430664
02/08/2024,22,60.13999938964844
02/08/2024,23,54.75
02/09/2024,0,70.38999938964844
02/09/2024,1,112.0999984741211
02/09/2024,2,84.30000305175781
02/09/2024,3,67.87000274658203
02/09/2024,4,52.310001373291016
02/09/2024,5,36.88999938964844
02/09/2024,6,17.59000015258789
02/09/2024,7,14.31999969482422
02/09/2024,8,23.239999771118164
02/09/2024,9,27.739999771118164
02/09/2024,10,21.600000381469727
02/09/2024,11,25.229999542236328
02/09/2024,12,62.68999862670898
02/09/2024,13,50.630001068115234
02/09/2024,14,64.06999969482422
02/09/2024,15,126.4000015258789
02/09/2024,16,89.30000305175781
02/09/2024,17,237.5
02/09/2024,18,193.6999969482422
02/09/2024,19,103.1999969482422
02/09/2024,20,89.5
02/09/2024,21,72.58999633789062
02/09/2024,22,57.9900016784668
02/09/2024,23,55.93999862670898
02/10/2024,0,55.77000045776367
02/10/2024,1,49.52999877929688
02/10/2024,2,50.540000915527344
02/10/2024,3,65.29000091552734
02/10/2024,4,67.18000030517578
02/10/2024,5,61.18000030517578
02/10/2024,6,53.459999084472656
02/10/2024,7,62.11000061035156
02/10/2024,8,62.06999969482422
02/10/2024,9,39.68000030517578
02/10/2024,10,42.5
02/10/2024,11,37.77999877929688
02/10/2024,12,41.400001525878906
02/10/2024,13,48.0099983215332
02/10/2024,14,48.29999923706055
02/10/2024,15,29.13999938964844
02/10/2024,16,33.150001525878906
02/10/2024,17,52.0099983215332
02/10/2024,18,75.48999786376953
02/10/2024,19,99.6999969482422
02/10/2024,20,111.5999984741211
02/10/2024,21,63.56999969482422
02/10/2024,22,58.790000915527344
02/10/2024,23,118.0999984741211
02/11/2024,0,107.1999969482422
02/11/2024,1,90.4000015258789
02/11/2024,2,77.22000122070312
02/11/2024,3,57.95000076293945
02/11/2024,4,63.09000015258789
02/11/2024,5,74.7699966430664
02/11/2024,6,59.400001525878906
02/11/2024,7,41.38999938964844
02/11/2024,8,33.41999816894531
02/11/2024,9,30.700000762939453
02/11/2024,10,29.34000015258789
02/11/2024,11,52.18000030517578
02/11/2024,12,42.08000183105469
02/11/2024,13,42.77000045776367
02/11/2024,14,39.119998931884766
02/11/2024,15,38.90999984741211
02/11/2024,16,56.56999969482422
02/11/2024,17,141.3000030517578
02/11/2024,18,116.5
02/11/2024,19,59.290000915527344
02/11/2024,20,36.52000045776367
02/11/2024,21,28.93000030517578
02/11/2024,22,27.459999084472656
02/11/2024,23,21.049999237060547
02/12/2024,0,19.61000061035156
02/12/2024,1,25.670000076293945
02/12/2024,2,23.600000381469727
02/12/2024,3,30.96999931335449
02/12/2024,4,32.5
02/12/2024,5,20.149999618530277
02/12/2024,6,39.29999923706055
02/12/2024,7,20.63999938964844
02/12/2024,8,31.049999237060547
02/12/2024,9,31.61000061035156
02/12/2024,10,48.0099983215332
02/12/2024,11,36.5099983215332
02/12/2024,12,26.86000061035156
02/12/2024,13,30.170000076293945
02/12/2024,14,30.450000762939453
02/12/2024,15,25.290000915527344
02/12/2024,16,26.239999771118164
02/12/2024,17,26.239999771118164
02/12/2024,18,27.56999969482422
02/12/2024,19,27.489999771118164
02/12/2024,20,22.280000686645508
02/12/2024,21,21.950000762939453
02/12/2024,22,23.229999542236328
02/12/2024,23,20.729999542236328
02/13/2024,0,29.290000915527344
02/13/2024,1,85.30000305175781
02/13/2024,2,74.5
02/13/2024,3,39.38999938964844
02/13/2024,4,48.650001525878906
02/13/2024,5,28.299999237060547
02/13/2024,6,18.479999542236328
02/13/2024,7,21.81999969482422
02/13/2024,8,42.22999954223633
02/13/2024,9,33.470001220703125
02/13/2024,10,25.520000457763672
02/13/2024,11,26.51000022888184
02/13/2024,12,36.81999969482422
02/13/2024,13,38.59999847412109
02/13/2024,14,50.22999954223633
02/13/2024,15,35.47999954223633
02/13/2024,16,32.08000183105469
02/13/2024,17,34.18000030517578
02/13/2024,18,49.150001525878906
02/13/2024,19,39.84000015258789
02/13/2024,20,28.07999992370605
02/13/2024,21,28.520000457763672
02/13/2024,22,23.690000534057617
02/13/2024,23,18.450000762939453
02/14/2024,0,18.190000534057617
02/14/2024,1,18.200000762939453
02/14/2024,2,16.850000381469727
02/14/2024,3,15.619999885559082
02/14/2024,4,18.020000457763672
02/14/2024,5,14.420000076293944
02/14/2024,6,16.6200008392334
02/14/2024,7,27.020000457763672
02/14/2024,8,21.40999984741211
02/14/2024,9,22.530000686645508
02/14/2024,10,40.560001373291016
02/14/2024,11,31.440000534057617
02/14/2024,12,42.41999816894531
02/14/2024,13,58.34000015258789
02/14/2024,14,59.369998931884766
02/14/2024,15,58.0099983215332
02/14/2024,16,46.27999877929688
02/14/2024,17,52.959999084472656
02/14/2024,18,55.86000061035156
02/14/2024,19,51.93000030517578
02/14/2024,20,37.58000183105469
02/14/2024,21,31.799999237060547
02/14/2024,22,48.77000045776367
02/14/2024,23,27.3700008392334
02/15/2024,0,31.190000534057617
02/15/2024,1,24.01000022888184
02/15/2024,2,22.25
02/15/2024,3,42.09000015258789
02/15/2024,4,24.559999465942383
02/15/2024,5,27.290000915527344
02/15/2024,6,27.489999771118164
02/15/2024,7,31.3700008392334
02/15/2024,8,20.59000015258789
02/15/2024,9,36.540000915527344
02/15/2024,10,33.849998474121094
02/15/2024,11,29.8700008392334
02/15/2024,12,51.61000061035156
02/15/2024,13,38.68000030517578
02/15/2024,14,79.16000366210938
02/15/2024,15,93.0999984741211
02/15/2024,16,83.9000015258789
02/15/2024,17,95.8000030517578
02/15/2024,18,94.5
02/15/2024,19,94.0999984741211
02/15/2024,20,52.560001373291016
02/15/2024,21,65.13999938964844
02/15/2024,22,37.20000076293945
02/15/2024,23,21.71999931335449
02/16/2024,0,32.189998626708984
02/16/2024,1,27.90999984741211
02/16/2024,2,28.739999771118164
02/16/2024,3,56.380001068115234
02/16/2024,4,35.5099983215332
02/16/2024,5,34.220001220703125
02/16/2024,6,39.31999969482422
02/16/2024,7,48.33000183105469
02/16/2024,8,59.22999954223633
02/16/2024,9,89.0
02/16/2024,10,71.80000305175781
02/16/2024,11,67.06999969482422
02/16/2024,12,57.040000915527344
02/16/2024,13,47.470001220703125
02/16/2024,14,35.45000076293945
02/16/2024,15,32.279998779296875
02/16/2024,16,45.720001220703125
02/16/2024,17,35.0
02/16/2024,18,36.7599983215332
02/16/2024,19,34.38999938964844
02/16/2024,20,32.90999984741211
02/16/2024,21,26.530000686645508
02/16/2024,22,33.599998474121094
02/16/2024,23,31.649999618530277
02/17/2024,0,31.57999992370605
02/17/2024,1,35.25
02/17/2024,2,36.58000183105469
02/17/2024,3,33.959999084472656
02/17/2024,4,25.170000076293945
02/17/2024,5,22.309999465942383
02/17/2024,6,17.09000015258789
02/17/2024,7,27.020000457763672
02/17/2024,8,25.09000015258789
02/17/2024,9,31.57999992370605
02/17/2024,10,23.239999771118164
02/17/2024,11,47.220001220703125
02/17/2024,12,40.86000061035156
02/17/2024,13,90.5
02/17/2024,14,35.84000015258789
02/17/2024,15,37.52999877929688
02/17/2024,16,47.79999923706055
02/17/2024,17,51.86000061035156
02/17/2024,18,65.54000091552734
02/17/2024,19,266.3999938964844
02/17/2024,20,309.29998779296875
02/17/2024,21,285.70001220703125
02/17/2024,22,224.1000061035156
02/17/2024,23,230.8000030517578
02/18/2024,0,258.3999938964844
02/18/2024,1,246.0
02/18/2024,2,158.39999389648438
02/18/2024,3,164.8000030517578
02/18/2024,4,124.5999984741211
02/18/2024,5,161.89999389648438
02/18/2024,6,86.0
02/18/2024,7,113.0999984741211
02/18/2024,8,95.6999969482422
02/18/2024,9,52.0099983215332
02/18/2024,10,104.4000015258789
02/18/2024,11,101.3000030517578
02/18/2024,12,65.26000213623047
02/18/2024,13,68.41999816894531
02/18/2024,14,44.5
02/18/2024,15,58.369998931884766
02/18/2024,16,48.869998931884766
02/18/2024,17,34.08000183105469
02/18/2024,18,38.20000076293945
02/18/2024,19,56.790000915527344
02/18/2024,20,72.44000244140625
02/18/2024,21,131.10000610351562
02/18/2024,22,268.79998779296875
02/18/2024,23,316.1000061035156
02/19/2024,0,322.0
02/19/2024,1,185.3000030517578
02/19/2024,2,77.47000122070312
02/19/2024,3,28.5
02/19/2024,4,18.530000686645508
02/19/2024,5,20.520000457763672
02/19/2024,6,13.239999771118164
02/19/2024,7,25.26000022888184
02/19/2024,8,17.3700008392334
02/19/2024,9,35.90999984741211
02/19/2024,10,25.84000015258789
02/19/2024,11,44.130001068115234
02/19/2024,12,3.180999994277954
02/19/2024,13,
02/19/2024,14,
02/19/2024,15,
02/19/2024,16,
02/19/2024,17,
02/19/2024,18,
02/19/2024,19,
02/19/2024,20,
02/19/2024,21,
02/19/2024,22,
02/19/2024,23,
02/20/2024,0,
02/20/2024,1,
02/20/2024,2,
02/20/2024,3,
02/20/2024,4,
02/20/2024,5,
02/20/2024,6,
02/20/2024,7,
02/20/2024,8,
02/20/2024,9,
02/20/2024,10,0.2590000033378601
02/20/2024,11,0.5540000200271606
02/20/2024,12,0.6039999723434448
02/20/2024,13,0.6060000061988831
02/20/2024,14,41.130001068115234
02/20/2024,15,58.52999877929688
02/20/2024,16,76.55000305175781
02/20/2024,17,42.119998931884766
02/20/2024,18,32.56999969482422
02/20/2024,19,25.959999084472656
02/20/2024,20,70.41999816894531
02/20/2024,21,40.36000061035156
02/20/2024,22,13.119999885559082
02/20/2024,23,8.920000076293945
02/21/2024,0,15.31999969482422
02/21/2024,1,11.65999984741211
02/21/2024,2,10.25
02/21/2024,3,11.56999969482422
02/21/2024,4,3.989000082015991
02/21/2024,5,2.4790000915527344
02/21/2024,6,7.638999938964844
02/21/2024,7,7.757999897003174
02/21/2024,8,7.815000057220459
02/21/2024,9,6.441999912261963
02/21/2024,10,5.135000228881836
02/21/2024,11,8.9399995803833
02/21/2024,12,9.039999961853027
02/21/2024,13,11.8100004196167
02/21/2024,14,18.270000457763672
02/21/2024,15,16.8700008392334
02/21/2024,16,46.52000045776367
02/21/2024,17,71.01000213623047
02/21/2024,18,46.83000183105469
02/21/2024,19,43.709999084472656
02/21/2024,20,28.3799991607666
02/21/2024,21,23.149999618530277
02/21/2024,22,17.979999542236328
02/21/2024,23,19.25
02/22/2024,0,21.739999771118164
02/22/2024,1,20.46999931335449
02/22/2024,2,19.280000686645508
02/22/2024,3,12.789999961853027
02/22/2024,4,12.68000030517578
02/22/2024,5,11.5600004196167
02/22/2024,6,10.15999984741211
02/22/2024,7,8.850000381469727
02/22/2024,8,2.6029999256134038
02/22/2024,9,12.739999771118164
02/22/2024,10,22.1299991607666
02/22/2024,11,20.96999931335449
02/22/2024,12,10.619999885559082
02/22/2024,13,16.90999984741211
02/22/2024,14,18.440000534057617
02/22/2024,15,18.43000030517578
02/22/2024,16,27.43000030517578
02/22/2024,17,48.0
02/22/2024,18,30.100000381469727
02/22/2024,19,45.02000045776367
02/22/2024,20,23.530000686645508
02/22/2024,21,29.540000915527344
02/22/2024,22,32.11000061035156
02/22/2024,23,29.56999969482422
02/23/2024,0,19.36000061035156
02/23/2024,1,17.860000610351562
02/23/2024,2,14.020000457763672
02/23/2024,3,10.18000030517578
02/23/2024,4,16.329999923706055
02/23/2024,5,17.75
02/23/2024,6,14.020000457763672
02/23/2024,7,19.1299991607666
02/23/2024,8,16.700000762939453
02/23/2024,9,18.170000076293945
02/23/2024,10,15.760000228881836
02/23/2024,11,18.399999618530277
02/23/2024,12,23.790000915527344
02/23/2024,13,19.96999931335449
02/23/2024,14,26.3799991607666
02/23/2024,15,21.21999931335449
02/23/2024,16,15.890000343322754
02/23/2024,17,30.020000457763672
02/23/2024,18,65.05000305175781
02/23/2024,19,92.0
02/23/2024,20,36.93999862670898
02/23/2024,21,25.8799991607666
02/23/2024,22,33.2599983215332
02/23/2024,23,32.06999969482422
02/24/2024,0,28.149999618530277
02/24/2024,1,30.790000915527344
02/24/2024,2,30.82999992370605
02/24/2024,3,31.899999618530277
02/24/2024,4,25.649999618530277
02/24/2024,5,26.920000076293945
02/24/2024,6,33.150001525878906
02/24/2024,7,27.190000534057617
02/24/2024,8,32.31999969482422
02/24/2024,9,39.209999084472656
02/24/2024,10,36.7599983215332
02/24/2024,11,30.459999084472656
02/24/2024,12,23.93000030517578
02/24/2024,13,22.40999984741211
02/24/2024,14,26.350000381469727
02/24/2024,15,23.82999992370605
02/24/2024,16,24.84000015258789
02/24/2024,17,20.8700008392334
02/24/2024,18,24.46999931335449
02/24/2024,19,67.87000274658203
02/24/2024,20,64.66999816894531
02/24/2024,21,66.9000015258789
02/24/2024,22,44.18999862670898
02/24/2024,23,55.33000183105469
02/25/2024,0,58.09999847412109
02/25/2024,1,41.5
02/25/2024,2,51.31999969482422
02/25/2024,3,47.810001373291016
02/25/2024,4,45.08000183105469
02/25/2024,5,19.71999931335449
02/25/2024,6,6.541999816894531
02/25/2024,7,20.25
02/25/2024,8,33.709999084472656
02/25/2024,9,32.7400016784668
02/25/2024,10,30.31999969482422
02/25/2024,11,32.880001068115234
02/25/2024,12,22.600000381469727
02/25/2024,13,27.770000457763672
02/25/2024,14,30.309999465942383
02/25/2024,15,23.989999771118164
02/25/2024,16,30.13999938964844
02/25/2024,17,26.200000762939453
02/25/2024,18,32.36000061035156
02/25/2024,19,45.15999984741211
02/25/2024,20,54.27999877929688
02/25/2024,21,51.56999969482422
02/25/2024,22,50.41999816894531
02/25/2024,23,53.04999923706055
02/26/2024,0,48.060001373291016
02/26/2024,1,54.310001373291016
02/26/2024,2,49.18000030517578
02/26/2024,3,42.709999084472656
02/26/2024,4,39.90999984741211
02/26/2024,5,34.83000183105469
02/26/2024,6,37.25
02/26/2024,7,36.150001525878906
02/26/2024,8,31.51000022888184
02/26/2024,9,26.290000915527344
02/26/2024,10,41.93000030517578
02/26/2024,11,43.7599983215332
02/26/2024,12,33.34000015258789
02/26/2024,13,26.68000030517578
02/26/2024,14,34.2599983215332
02/26/2024,15,32.970001220703125
02/26/2024,16,27.770000457763672
02/26/2024,17,36.5099983215332
02/26/2024,18,39.220001220703125
02/26/2024,19,53.060001373291016
02/26/2024,20,45.5099983215332
02/26/2024,21,32.540000915527344
02/26/2024,22,25.96999931335449
02/26/2024,23,33.47999954223633
02/27/2024,0,33.619998931884766
02/27/2024,1,33.66999816894531
02/27/2024,2,38.880001068115234
02/27/2024,3,36.2599983215332
02/27/2024,4,33.66999816894531
02/27/2024,5,32.2400016784668
02/27/2024,6,39.81999969482422
02/27/2024,7,29.989999771118164
02/27/2024,8,19.86000061035156
02/27/2024,9,28.739999771118164
02/27/2024,10,22.56999969482422
02/27/2024,11,25.030000686645508
02/27/2024,12,27.90999984741211
02/27/2024,13,25.280000686645508
02/27/2024,14,24.049999237060547
02/27/2024,15,31.729999542236328
02/27/2024,16,26.540000915527344
02/27/2024,17,31.649999618530277
02/27/2024,18,32.900001525878906
02/27/2024,19,33.91999816894531
02/27/2024,20,27.479999542236328
02/27/2024,21,27.280000686645508
02/27/2024,22,18.280000686645508
02/27/2024,23,20.57999992370605
02/28/2024,0,20.6200008392334
02/28/2024,1,15.56999969482422
02/28/2024,2,24.34000015258789
02/28/2024,3,14.329999923706056
02/28/2024,4,20.459999084472656
02/28/2024,5,20.559999465942383
02/28/2024,6,23.200000762939453
02/28/2024,7,15.619999885559082
02/28/2024,8,24.559999465942383
02/28/2024,9,15.93000030517578
02/28/2024,10,23.76000022888184
02/28/2024,11,22.6200008392334
02/28/2024,12,21.100000381469727
02/28/2024,13,35.65999984741211
02/28/2024,14,17.399999618530273
02/28/2024,15,23.700000762939453
02/28/2024,16,21.13999938964844
02/28/2024,17,28.81999969482422
02/28/2024,18,28.86000061035156
02/28/2024,19,23.700000762939453
02/28/2024,20,26.01000022888184
02/28/2024,21,10.630000114440918
02/28/2024,22,11.699999809265137
02/28/2024,23,11.729999542236328
02/29/2024,0,23.209999084472656
02/29/2024,1,20.770000457763672
02/29/2024,2,31.059999465942383
02/29/2024,3,20.86000061035156
02/29/2024,4,27.21999931335449
02/29/2024,5,22.15999984741211
02/29/2024,6,28.399999618530277
02/29/2024,7,19.770000457763672
02/29/2024,8,13.079999923706056
02/29/2024,9,15.710000038146973
02/29/2024,10,27.81999969482422
02/29/2024,11,22.690000534057617
02/29/2024,12,20.09000015258789
02/29/2024,13,18.68000030517578
02/29/2024,14,33.15999984741211
02/29/2024,15,41.33000183105469
02/29/2024,16,22.899999618530277
02/29/2024,17,27.780000686645508
02/29/2024,18,32.77000045776367
02/29/2024,19,35.45000076293945
02/29/2024,20,23.780000686645508
02/29/2024,21,32.40999984741211
02/29/2024,22,17.079999923706055
02/29/2024,23,12.93000030517578
03/01/2024,0,20.5
03/01/2024,1,24.51000022888184
03/01/2024,2,23.46999931335449
03/01/2024,3,74.41999816894531
03/01/2024,4,52.369998931884766
03/01/2024,5,30.309999465942383
03/01/2024,6,23.57999992370605
03/01/2024,7,22.1299991607666
03/01/2024,8,23.63999938964844
03/01/2024,9,36.880001068115234
03/01/2024,10,30.76000022888184
03/01/2024,11,21.36000061035156
03/01/2024,12,35.72999954223633
03/01/2024,13,33.41999816894531
03/01/2024,14,20.270000457763672
03/01/2024,15,28.649999618530277
03/01/2024,16,22.3700008392334
03/01/2024,17,18.420000076293945
03/01/2024,18,31.25
03/01/2024,19,26.15999984741211
03/01/2024,20,18.290000915527344
03/01/2024,21,24.3799991607666
03/01/2024,22,19.5
03/01/2024,23,20.520000457763672
03/02/2024,0,11.8100004196167
03/02/2024,1,16.559999465942383
03/02/2024,2,15.520000457763672
03/02/2024,3,20.57999992370605
03/02/2024,4,16.719999313354492
03/02/2024,5,14.199999809265137
03/02/2024,6,14.140000343322754
03/02/2024,7,16.639999389648438
03/02/2024,8,14.350000381469728
03/02/2024,9,20.81999969482422
03/02/2024,10,23.799999237060547
03/02/2024,11,22.559999465942383
03/02/2024,12,22.59000015258789
03/02/2024,13,24.06999969482422
03/02/2024,14,26.59000015258789
03/02/2024,15,24.09000015258789
03/02/2024,16,23.96999931335449
03/02/2024,17,32.900001525878906
03/02/2024,18,36.68000030517578
03/02/2024,19,36.54999923706055
03/02/2024,20,42.86000061035156
03/02/2024,21,31.520000457763672
03/02/2024,22,18.440000534057617
03/02/2024,23,11.84000015258789
03/03/2024,0,14.149999618530272
03/03/2024,1,16.610000610351562
03/03/2024,2,11.75
03/03/2024,3,17.899999618530273
03/03/2024,4,10.399999618530272
03/03/2024,5,8.880000114440918
03/03/2024,6,12.640000343322754
03/03/2024,7,16.559999465942383
03/03/2024,8,16.860000610351562
03/03/2024,9,15.729999542236328
03/03/2024,10,39.2599983215332
03/03/2024,11,33.33000183105469
03/03/2024,12,30.59000015258789
03/03/2024,13,28.1200008392334
03/03/2024,14,33.150001525878906
03/03/2024,15,29.200000762939453
03/03/2024,16,40.68000030517578
03/03/2024,17,106.6999969482422
03/03/2024,18,324.5
03/03/2024,19,262.70001220703125
03/03/2024,20,92.4000015258789
03/03/2024,21,49.0
03/03/2024,22,32.689998626708984
03/03/2024,23,19.63999938964844
03/04/2024,0,23.1299991607666
03/04/2024,1,25.729999542236328
03/04/2024,2,44.709999084472656
03/04/2024,3,47.68000030517578
03/04/2024,4,41.380001068115234
03/04/2024,5,36.15999984741211
03/04/2024,6,33.56999969482422
03/04/2024,7,34.9900016784668
03/04/2024,8,31.649999618530277
03/04/2024,9,34.209999084472656
03/04/2024,10,18.8700008392334
03/04/2024,11,28.96999931335449
03/04/2024,12,30.600000381469727
03/04/2024,13,39.869998931884766
03/04/2024,14,37.459999084472656
03/04/2024,15,33.5
03/04/2024,16,33.31999969482422
03/04/2024,17,28.01000022888184
03/04/2024,18,50.91999816894531
03/04/2024,19,34.349998474121094
03/04/2024,20,29.959999084472656
03/04/2024,21,19.690000534057617
03/04/2024,22,18.09000015258789
03/04/2024,23,18.020000457763672
03/05/2024,0,14.210000038146973
03/05/2024,1,17.90999984741211
03/05/2024,2,17.969999313354492
03/05/2024,3,24.229999542236328
03/05/2024,4,25.65999984741211
03/05/2024,5,25.729999542236328
03/05/2024,6,20.6200008392334
03/05/2024,7,18.1299991607666
03/05/2024,8,28.530000686645508
03/05/2024,9,16.049999237060547
03/05/2024,10,15.869999885559082
03/05/2024,11,21.13999938964844
03/05/2024,12,34.369998931884766
03/05/2024,13,168.3000030517578
03/05/2024,14,29.8700008392334
03/05/2024,15,1.3289999961853027
03/05/2024,16,0.6869999766349792
03/05/2024,17,0.6909999847412109
03/05/2024,18,0.6759999990463257
03/05/2024,19,0.6499999761581421
03/05/2024,20,38.34000015258789
03/05/2024,21,30.100000381469727
03/05/2024,22,20.850000381469727
03/05/2024,23,21.88999938964844
03/06/2024,0,28.15999984741211
03/06/2024,1,20.729999542236328
03/06/2024,2,30.84000015258789
03/06/2024,3,24.600000381469727
03/06/2024,4,23.299999237060547
03/06/2024,5,24.40999984741211
03/06/2024,6,27.07999992370605
03/06/2024,7,24.61000061035156
03/06/2024,8,28.670000076293945
03/06/2024,9,27.8700008392334
03/06/2024,10,25.290000915527344
03/06/2024,11,26.65999984741211
03/06/2024,12,32.040000915527344
03/06/2024,13,25.530000686645508
03/06/2024,14,22.75
03/06/2024,15,26.59000015258789
03/06/2024,16,32.02000045776367
03/06/2024,17,29.26000022888184
03/06/2024,18,38.02999877929688
03/06/2024,19,34.09000015258789
03/06/2024,20,27.57999992370605
03/06/2024,21,28.440000534057617
03/06/2024,22,22.100000381469727
03/06/2024,23,25.690000534057617
03/07/2024,0,28.290000915527344
03/07/2024,1,25.81999969482422
03/07/2024,2,25.799999237060547
03/07/2024,3,25.739999771118164
03/07/2024,4,20.63999938964844
03/07/2024,5,23.1299991607666
03/07/2024,6,19.40999984741211
03/07/2024,7,21.90999984741211
03/07/2024,8,22.309999465942383
03/07/2024,9,20.01000022888184
03/07/2024,10,20.040000915527344
03/07/2024,11,26.549999237060547
03/07/2024,12,25.450000762939453
03/07/2024,13,21.5
03/07/2024,14,30.540000915527344
03/07/2024,15,30.780000686645508
03/07/2024,16,25.5
03/07/2024,17,44.72999954223633
03/07/2024,18,42.33000183105469
03/07/2024,19,39.540000915527344
03/07/2024,20,48.119998931884766
03/07/2024,21,32.77000045776367
03/07/2024,22,33.63999938964844
03/07/2024,23,36.09000015258789
03/08/2024,0,33.68000030517578
03/08/2024,1,34.97999954223633
03/08/2024,2,28.46999931335449
03/08/2024,3,34.900001525878906
03/08/2024,4,26.030000686645508
03/08/2024,5,15.640000343322754
03/08/2024,6,19.270000457763672
03/08/2024,7,16.770000457763672
03/08/2024,8,23.6299991607666
03/08/2024,9,20.030000686645508
03/08/2024,10,13.31999969482422
03/08/2024,11,18.489999771118164
03/08/2024,12,20.06999969482422
03/08/2024,13,17.290000915527344
03/08/2024,14,29.13999938964844
03/08/2024,15,24.31999969482422
03/08/2024,16,24.18000030517578
03/08/2024,17,26.549999237060547
03/08/2024,18,84.4000015258789
03/08/2024,19,114.6999969482422
03/08/2024,20,143.39999389648438
03/08/2024,21,122.0999984741211
03/08/2024,22,84.30000305175781
03/08/2024,23,54.13999938964844
03/09/2024,0,60.869998931884766
03/09/2024,1,43.25
03/09/2024,2,49.0
03/09/2024,3,46.58000183105469
03/09/2024,4,56.7400016784668
03/09/2024,5,67.01000213623047
03/09/2024,6,105.0999984741211
03/09/2024,7,103.0
03/09/2024,8,100.4000015258789
03/09/2024,9,77.75
03/09/2024,10,55.41999816894531
03/09/2024,11,57.619998931884766
03/09/2024,12,42.02000045776367
03/09/2024,13,33.779998779296875
03/09/2024,14,37.52999877929688
03/09/2024,15,32.43000030517578
03/09/2024,16,19.049999237060547
03/09/2024,17,27.850000381469727
03/09/2024,18,60.09999847412109
03/09/2024,19,37.369998931884766
03/09/2024,20,34.09000015258789
03/09/2024,21,30.06999969482422
03/09/2024,22,19.75
