"Fecha","Hora","MP10 (Âµg/mÂ³N)"
"24/10/2023","0",""
"24/10/2023","1",""
"24/10/2023","2",""
"24/10/2023","3",""
"24/10/2023","4",""
"24/10/2023","5",""
"24/10/2023","6",""
"24/10/2023","7",""
"24/10/2023","8",""
"24/10/2023","9",""
"24/10/2023","10","89.0"
"24/10/2023","11",""
"24/10/2023","12","41.6"
"24/10/2023","13","30.0"
"24/10/2023","14","66.7"
"24/10/2023","15","76.0"
"24/10/2023","16","65.1"
"24/10/2023","17","99.0"
"24/10/2023","18","51.9"
"24/10/2023","19","27.9"
"24/10/2023","20","10.8"
"24/10/2023","21","13.1"
"24/10/2023","22","12.6"
"24/10/2023","23","40.5"
"25/10/2023","0","65.3"
"25/10/2023","1","95.3"
"25/10/2023","2","24.7"
"25/10/2023","3",""
"25/10/2023","4","43.9"
"25/10/2023","5","22.0"
"25/10/2023","6","40.5"
"25/10/2023","7","74.1"
"25/10/2023","8","199.6"
"25/10/2023","9","152.5"
"25/10/2023","10","89.3"
"25/10/2023","11","290.7"
"25/10/2023","12","89.7"
"25/10/2023","13","43.7"
"25/10/2023","14","33.6"
"25/10/2023","15","66.0"
"25/10/2023","16","158.8"
"25/10/2023","17","206.4"
"25/10/2023","18","92.9"
"25/10/2023","19","41.1"
"25/10/2023","20","18.1"
"25/10/2023","21","24.0"
"25/10/2023","22","36.8"
"25/10/2023","23","46.4"
"26/10/2023","0","90.9"
"26/10/2023","1","61.2"
"26/10/2023","2","94.8"
"26/10/2023","3","110.5"
"26/10/2023","4","47.6"
"26/10/2023","5","38.0"
"26/10/2023","6","134.8"
"26/10/2023","7","224.0"
"26/10/2023","8","334.5"
"26/10/2023","9","119.6"
"26/10/2023","10","73.4"
"26/10/2023","11","221.6"
"26/10/2023","12",""
"26/10/2023","13","1.0"
"26/10/2023","14",""
"26/10/2023","15","229.5"
"26/10/2023","16","72.9"
"26/10/2023","17","64.8"
"26/10/2023","18","242.7"
"26/10/2023","19","74.8"
"26/10/2023","20","48.6"
"26/10/2023","21","62.8"
"26/10/2023","22","47.1"
"26/10/2023","23","62.6"
"27/10/2023","0","127.4"
"27/10/2023","1","34.4"
"27/10/2023","2","75.3"
"27/10/2023","3","121.1"
"27/10/2023","4","65.6"
"27/10/2023","5","78.3"
"27/10/2023","6","82.9"
"27/10/2023","7","92.0"
"27/10/2023","8","87.5"
"27/10/2023","9","137.5"
"27/10/2023","10","138.5"
"27/10/2023","11","114.5"
"27/10/2023","12","172.6"
"27/10/2023","13","149.4"
"27/10/2023","14","131.3"
"27/10/2023","15","109.4"
"27/10/2023","16","47.9"
"27/10/2023","17","162.1"
"27/10/2023","18","91.2"
"27/10/2023","19","71.0"
"27/10/2023","20","14.8"
"27/10/2023","21","30.0"
"27/10/2023","22","37.4"
"27/10/2023","23","45.7"
"28/10/2023","0","56.2"
"28/10/2023","1","37.4"
"28/10/2023","2","1.1"
"28/10/2023","3","37.9"
"28/10/2023","4","27.9"
"28/10/2023","5","10.2"
"28/10/2023","6","45.7"
"28/10/2023","7","62.9"
"28/10/2023","8",""
"28/10/2023","9","181.1"
"28/10/2023","10","82.9"
"28/10/2023","11","99.9"
"28/10/2023","12","137.3"
"28/10/2023","13","189.0"
"28/10/2023","14","119.4"
"28/10/2023","15","189.7"
"28/10/2023","16","150.4"
"28/10/2023","17","165.5"
"28/10/2023","18","137.8"
"28/10/2023","19","73.7"
"28/10/2023","20","21.8"
"28/10/2023","21","18.1"
"28/10/2023","22","19.1"
"28/10/2023","23","26.0"
"29/10/2023","0","25.7"
"29/10/2023","1","46.9"
"29/10/2023","2","46.9"
"29/10/2023","3","29.1"
"29/10/2023","4","41.5"
"29/10/2023","5","44.9"
"29/10/2023","6","93.4"
"29/10/2023","7","100.9"
"29/10/2023","8","52.0"
"29/10/2023","9","80.5"
"29/10/2023","10","94.9"
"29/10/2023","11","231.0"
"29/10/2023","12","142.9"
"29/10/2023","13","179.2"
"29/10/2023","14","91.2"
"29/10/2023","15","131.4"
"29/10/2023","16","113.8"
"29/10/2023","17","79.3"
"29/10/2023","18","106.3"
"29/10/2023","19","182.8"
"29/10/2023","20","32.5"
"29/10/2023","21","5.8"
"29/10/2023","22","25.0"
"29/10/2023","23","88.8"
"30/10/2023","0","38.6"
"30/10/2023","1","12.4"
"30/10/2023","2","19.6"
"30/10/2023","3","40.5"
"30/10/2023","4","17.7"
"30/10/2023","5","24.0"
"30/10/2023","6","26.7"
"30/10/2023","7","54.8"
"30/10/2023","8","78.1"
"30/10/2023","9","62.4"
"30/10/2023","10","32.5"
"30/10/2023","11",""
"30/10/2023","12","110.9"
"30/10/2023","13",""
"30/10/2023","14",""
"30/10/2023","15","39.6"
"30/10/2023","16","71.8"
"30/10/2023","17","102.0"
"30/10/2023","18","76.1"
"30/10/2023","19","25.9"
"30/10/2023","20","36.6"
"30/10/2023","21","23.0"
"30/10/2023","22","27.4"
"30/10/2023","23","34.2"
"31/10/2023","0","43.4"
"31/10/2023","1","29.8"
"31/10/2023","2","29.7"
"31/10/2023","3","17.1"
"31/10/2023","4","13.7"
"31/10/2023","5","32.6"
"31/10/2023","6","51.2"
"31/10/2023","7","149.5"
"31/10/2023","8","107.4"
"31/10/2023","9","198.9"
"31/10/2023","10","125.1"
"31/10/2023","11","63.4"
"31/10/2023","12","118.4"
"31/10/2023","13","126.9"
"31/10/2023","14","100.9"
"31/10/2023","15","64.3"
"31/10/2023","16","103.1"
"31/10/2023","17","57.2"
"31/10/2023","18","116.9"
"31/10/2023","19","53.5"
"31/10/2023","20","34.7"
"31/10/2023","21","22.5"
"31/10/2023","22","31.8"
"31/10/2023","23","32.5"
"01/11/2023","0","80.7"
"01/11/2023","1","43.0"
"01/11/2023","2","85.3"
"01/11/2023","3","77.0"
"01/11/2023","4","106.1"
"01/11/2023","5","36.6"
"01/11/2023","6","61.0"
"01/11/2023","7","130.1"
"01/11/2023","8","186.2"
"01/11/2023","9","230.7"
"01/11/2023","10","89.5"
"01/11/2023","11","114.2"
"01/11/2023","12","191.6"
"01/11/2023","13","585.7"
"01/11/2023","14","715.4"
"01/11/2023","15","363.9"
"01/11/2023","16","190.4"
"01/11/2023","17","272.7"
"01/11/2023","18","164.9"
"01/11/2023","19","114.0"
"01/11/2023","20","36.8"
"01/11/2023","21","13.0"
"01/11/2023","22","13.3"
"01/11/2023","23","30.5"
"02/11/2023","0","27.2"
"02/11/2023","1","97.6"
"02/11/2023","2","120.3"
"02/11/2023","3","82.7"
"02/11/2023","4","160.9"
"02/11/2023","5","38.8"
"02/11/2023","6","40.3"
"02/11/2023","7","109.2"
"02/11/2023","8","143.6"
"02/11/2023","9","165.9"
"02/11/2023","10","159.6"
"02/11/2023","11","93.3"
"02/11/2023","12","115.2"
"02/11/2023","13","147.0"
"02/11/2023","14","156.4"
"02/11/2023","15","107.7"
"02/11/2023","16","46.8"
"02/11/2023","17","46.6"
"02/11/2023","18","34.6"
"02/11/2023","19","35.4"
"02/11/2023","20","108.2"
"02/11/2023","21","16.9"
"02/11/2023","22","29.3"
"02/11/2023","23","35.1"
"03/11/2023","0","26.2"
"03/11/2023","1","81.0"
"03/11/2023","2","45.4"
"03/11/2023","3","28.1"
"03/11/2023","4","74.8"
"03/11/2023","5","30.8"
"03/11/2023","6","52.8"
"03/11/2023","7","96.3"
"03/11/2023","8","189.9"
"03/11/2023","9","114.7"
"03/11/2023","10","114.7"
"03/11/2023","11","27.9"
"03/11/2023","12","34.0"
"03/11/2023","13","69.7"
"03/11/2023","14","61.2"
"03/11/2023","15","38.8"
"03/11/2023","16","30.0"
"03/11/2023","17","107.9"
"03/11/2023","18","72.4"
"03/11/2023","19","64.3"
"03/11/2023","20","48.8"
"03/11/2023","21","64.8"
"03/11/2023","22","92.7"
"03/11/2023","23","97.3"
"04/11/2023","0","99.2"
"04/11/2023","1","84.4"
"04/11/2023","2","56.2"
"04/11/2023","3","92.4"
"04/11/2023","4","98.2"
"04/11/2023","5","72.4"
"04/11/2023","6","156.2"
"04/11/2023","7","311.6"
"04/11/2023","8","166.1"
"04/11/2023","9","70.4"
"04/11/2023","10","36.6"
"04/11/2023","11","78.2"
"04/11/2023","12","127.2"
"04/11/2023","13","129.6"
"04/11/2023","14","51.5"
"04/11/2023","15","30.3"
"04/11/2023","16","66.5"
"04/11/2023","17","182.8"
"04/11/2023","18","62.9"
"04/11/2023","19","119.3"
"04/11/2023","20","45.4"
"04/11/2023","21","41.0"
"04/11/2023","22","39.0"
"04/11/2023","23","44.9"
"05/11/2023","0","49.1"
"05/11/2023","1","69.0"
"05/11/2023","2","86.1"
"05/11/2023","3","56.2"
"05/11/2023","4","25.0"
"05/11/2023","5","51.8"
"05/11/2023","6","76.3"
"05/11/2023","7","143.6"
"05/11/2023","8","139.2"
"05/11/2023","9","165.6"
"05/11/2023","10","65.5"
"05/11/2023","11","28.1"
"05/11/2023","12","23.7"
"05/11/2023","13","144.1"
"05/11/2023","14","55.7"
"05/11/2023","15","36.4"
"05/11/2023","16","54.0"
"05/11/2023","17","79.0"
"05/11/2023","18","90.0"
"05/11/2023","19","62.4"
"05/11/2023","20","46.4"
"05/11/2023","21","40.0"
"05/11/2023","22","33.9"
"05/11/2023","23","22.0"
"06/11/2023","0","42.4"
"06/11/2023","1","50.1"
"06/11/2023","2","91.0"
"06/11/2023","3","29.1"
"06/11/2023","4","71.0"
"06/11/2023","5","65.1"
"06/11/2023","6","155.0"
"06/11/2023","7","65.6"
"06/11/2023","8","204.1"
"06/11/2023","9","149.1"
"06/11/2023","10","198.2"
"06/11/2023","11","152.3"
"06/11/2023","12","220.2"
"06/11/2023","13","134.6"
"06/11/2023","14","86.8"
"06/11/2023","15","40.3"
"06/11/2023","16","56.2"
"06/11/2023","17","129.1"
"06/11/2023","18","84.4"
"06/11/2023","19","72.9"
"06/11/2023","20","42.9"
"06/11/2023","21","37.8"
"06/11/2023","22","42.6"
"06/11/2023","23","56.7"
"07/11/2023","0","79.5"
"07/11/2023","1","81.2"
"07/11/2023","2","68.8"
"07/11/2023","3","72.9"
"07/11/2023","4","40.0"
"07/11/2023","5","144.5"
"07/11/2023","6","57.9"
"07/11/2023","7","225.0"
"07/11/2023","8","219.4"
"07/11/2023","9","158.9"
"07/11/2023","10","66.3"
"07/11/2023","11","26.2"
"07/11/2023","12","46.4"
"07/11/2023","13","31.5"
"07/11/2023","14","43.2"
"07/11/2023","15","78.3"
"07/11/2023","16","53.5"
"07/11/2023","17","78.5"
"07/11/2023","18","125.4"
"07/11/2023","19","53.7"
"07/11/2023","20","48.6"
"07/11/2023","21","17.6"
"07/11/2023","22","25.9"
"07/11/2023","23","33.0"
"08/11/2023","0","38.1"
"08/11/2023","1","32.8"
"08/11/2023","2","76.1"
"08/11/2023","3","75.3"
"08/11/2023","4","51.5"
"08/11/2023","5","122.7"
"08/11/2023","6","116.2"
"08/11/2023","7","169.4"
"08/11/2023","8","310.1"
"08/11/2023","9","385.8"
"08/11/2023","10","74.6"
"08/11/2023","11","26.4"
"08/11/2023","12","46.1"
"08/11/2023","13","56.5"
"08/11/2023","14","46.7"
"08/11/2023","15","101.9"
"08/11/2023","16","150.7"
"08/11/2023","17","75.8"
"08/11/2023","18","100.9"
"08/11/2023","19","44.2"
"08/11/2023","20","39.3"
"08/11/2023","21","54.7"
"08/11/2023","22","72.7"
"08/11/2023","23","146.7"
"09/11/2023","0","53.8"
"09/11/2023","1","39.8"
"09/11/2023","2","71.7"
"09/11/2023","3","72.7"
"09/11/2023","4","61.7"
"09/11/2023","5","78.5"
"09/11/2023","6","51.8"
"09/11/2023","7","96.5"
"09/11/2023","8","211.6"
"09/11/2023","9","171.6"
"09/11/2023","10","63.1"
"09/11/2023","11","62.4"
"09/11/2023","12","99.7"
"09/11/2023","13","100.9"
"09/11/2023","14","75.8"
"09/11/2023","15","48.8"
"09/11/2023","16","217.7"
"09/11/2023","17","258.0"
"09/11/2023","18","136.1"
"09/11/2023","19","74.1"
"09/11/2023","20","52.8"
"09/11/2023","21","54.7"
"09/11/2023","22","157.2"
"09/11/2023","23","143.6"
"10/11/2023","0","131.8"
"10/11/2023","1","80.7"
"10/11/2023","2","50.6"
"10/11/2023","3","80.0"
"10/11/2023","4","74.4"
"10/11/2023","5","111.3"
"10/11/2023","6","84.9"
"10/11/2023","7","150.9"
"10/11/2023","8","179.0"
"10/11/2023","9","109.1"
"10/11/2023","10","149.4"
"10/11/2023","11","105.3"
"10/11/2023","12","80.2"
"10/11/2023","13","140.5"
"10/11/2023","14","101.6"
"10/11/2023","15","98.3"
"10/11/2023","16","74.9"
"10/11/2023","17","69.8"
"10/11/2023","18","67.6"
"10/11/2023","19","98.0"
"10/11/2023","20","36.1"
"10/11/2023","21","24.9"
"10/11/2023","22","23.5"
"10/11/2023","23","15.2"
"11/11/2023","0","45.4"
"11/11/2023","1","22.5"
"11/11/2023","2","30.8"
"11/11/2023","3","86.3"
"11/11/2023","4","42.4"
"11/11/2023","5","52.8"
"11/11/2023","6","105.1"
"11/11/2023","7","100.9"
"11/11/2023","8","167.1"
"11/11/2023","9","156.7"
"11/11/2023","10","100.2"
"11/11/2023","11","72.0"
"11/11/2023","12","135.8"
"11/11/2023","13","88.0"
"11/11/2023","14","54.0"
"11/11/2023","15","25.0"
"11/11/2023","16","431.8"
"11/11/2023","17","150.4"
"11/11/2023","18","376.3"
"11/11/2023","19","56.9"
"11/11/2023","20","19.6"
"11/11/2023","21","22.7"
"11/11/2023","22","24.2"
"11/11/2023","23","40.5"
"12/11/2023","0","16.7"
"12/11/2023","1","27.6"
"12/11/2023","2","79.2"
"12/11/2023","3","36.6"
"12/11/2023","4","42.7"
"12/11/2023","5","61.2"
"12/11/2023","6","66.6"
"12/11/2023","7","155.2"
"12/11/2023","8","254.7"
"12/11/2023","9","78.3"
"12/11/2023","10","23.7"
"12/11/2023","11","8.2"
"12/11/2023","12","36.4"
"12/11/2023","13","84.9"
"12/11/2023","14","28.4"
"12/11/2023","15","13.6"
"12/11/2023","16","25.9"
"12/11/2023","17","76.3"
"12/11/2023","18","164.5"
"12/11/2023","19","93.4"
"12/11/2023","20","27.1"
"12/11/2023","21","36.1"
"12/11/2023","22","38.8"
"12/11/2023","23","21.8"
"13/11/2023","0","104.1"
"13/11/2023","1","46.4"
"13/11/2023","2","78.8"
"13/11/2023","3","57.9"
"13/11/2023","4","46.4"
"13/11/2023","5","73.2"
"13/11/2023","6","75.6"
"13/11/2023","7","213.1"
"13/11/2023","8","195.2"
"13/11/2023","9","90.0"
"13/11/2023","10","60.2"
"13/11/2023","11","192.6"
"13/11/2023","12","172.4"
"13/11/2023","13",""
"13/11/2023","14",""
"13/11/2023","15","1.0"
"13/11/2023","16","1001.0"
"13/11/2023","17","254.5"
"13/11/2023","18","354.4"
"13/11/2023","19","44.1"
"13/11/2023","20","21.8"
"13/11/2023","21","30.3"
"13/11/2023","22","28.6"
"13/11/2023","23","30.5"
"14/11/2023","0","76.5"
"14/11/2023","1","38.1"
"14/11/2023","2","66.0"
"14/11/2023","3","57.9"
"14/11/2023","4","137.0"
"14/11/2023","5","96.3"
"14/11/2023","6","70.0"
"14/11/2023","7","270.3"
"14/11/2023","8","319.0"
"14/11/2023","9","504.6"
"14/11/2023","10","136.5"
"14/11/2023","11","116.7"
"14/11/2023","12","85.9"
"14/11/2023","13","71.2"
"14/11/2023","14","57.7"
"14/11/2023","15","276.9"
"14/11/2023","16","55.2"
"14/11/2023","17","74.4"
"14/11/2023","18","92.9"
"14/11/2023","19","78.7"
"14/11/2023","20","24.2"
"14/11/2023","21","25.9"
"14/11/2023","22","33.9"
"14/11/2023","23","26.4"
"15/11/2023","0","49.6"
"15/11/2023","1","19.1"
"15/11/2023","2","30.3"
"15/11/2023","3","53.3"
"15/11/2023","4","109.1"
"15/11/2023","5","60.9"
"15/11/2023","6","49.4"
"15/11/2023","7","84.4"
"15/11/2023","8","132.3"
"15/11/2023","9","210.9"
"15/11/2023","10","91.2"
"15/11/2023","11","28.1"
"15/11/2023","12","105.1"
"15/11/2023","13","86.3"
"15/11/2023","14","82.4"
"15/11/2023","15","62.6"
"15/11/2023","16","52.5"
"15/11/2023","17","68.3"
"15/11/2023","18","53.0"
"15/11/2023","19","53.0"
"15/11/2023","20","31.3"
"15/11/2023","21","11.4"
"15/11/2023","22","21.0"
"15/11/2023","23","30.5"
"16/11/2023","0","19.3"
"16/11/2023","1","66.6"
"16/11/2023","2","99.0"
"16/11/2023","3","60.9"
"16/11/2023","4","68.3"
"16/11/2023","5","19.4"
"16/11/2023","6","45.9"
"16/11/2023","7","58.2"
"16/11/2023","8","170.1"
"16/11/2023","9","66.0"
"16/11/2023","10","67.0"
"16/11/2023","11","123.0"
"16/11/2023","12","86.1"
"16/11/2023","13","93.6"
"16/11/2023","14","116.5"
"16/11/2023","15","119.8"
"16/11/2023","16","70.5"
"16/11/2023","17","104.6"
"16/11/2023","18","79.2"
"16/11/2023","19","85.8"
"16/11/2023","20","30.3"
"16/11/2023","21","73.9"
"16/11/2023","22","56.7"
"16/11/2023","23","43.9"
"17/11/2023","0","109.6"
"17/11/2023","1","69.5"
"17/11/2023","2","92.4"
"17/11/2023","3","25.7"
"17/11/2023","4","33.2"
"17/11/2023","5","51.8"
"17/11/2023","6","80.0"
"17/11/2023","7","135.5"
"17/11/2023","8","214.0"
"17/11/2023","9","128.3"
"17/11/2023","10","90.4"
"17/11/2023","11","113.0"
"17/11/2023","12","119.1"
"17/11/2023","13","103.3"
"17/11/2023","14","145.8"
"17/11/2023","15","199.4"
"17/11/2023","16","57.0"
"17/11/2023","17","53.0"
"17/11/2023","18","63.1"
"17/11/2023","19","197.7"
"17/11/2023","20","47.9"
"17/11/2023","21","61.9"
"17/11/2023","22","43.9"
"17/11/2023","23","46.4"
"18/11/2023","0","34.0"
"18/11/2023","1","32.5"
"18/11/2023","2","45.4"
"18/11/2023","3","54.7"
"18/11/2023","4","45.9"
"18/11/2023","5","35.2"
"18/11/2023","6","70.3"
"18/11/2023","7","193.8"
"18/11/2023","8","279.3"
"18/11/2023","9","109.8"
"18/11/2023","10","29.0"
"18/11/2023","11","32.3"
"18/11/2023","12","131.1"
"18/11/2023","13","87.3"
"18/11/2023","14","100.9"
"18/11/2023","15","80.7"
"18/11/2023","16","34.7"
"18/11/2023","17","173.3"
"18/11/2023","18","78.2"
"18/11/2023","19","42.7"
"18/11/2023","20","51.0"
"18/11/2023","21","45.4"
"18/11/2023","22","62.6"
"18/11/2023","23","69.7"
"19/11/2023","0","45.7"
"19/11/2023","1","67.3"
"19/11/2023","2","64.8"
"19/11/2023","3","36.8"
"19/11/2023","4","31.3"
"19/11/2023","5","84.1"
"19/11/2023","6","89.2"
"19/11/2023","7","270.8"
"19/11/2023","8","178.5"
"19/11/2023","9","74.8"
"19/11/2023","10","40.0"
"19/11/2023","11","94.6"
"19/11/2023","12","120.3"
"19/11/2023","13","102.8"
"19/11/2023","14","30.5"
"19/11/2023","15","34.4"
"19/11/2023","16","23.4"
"19/11/2023","17","347.0"
"19/11/2023","18","98.7"
"19/11/2023","19","45.6"
"19/11/2023","20","56.4"
"19/11/2023","21","60.7"
"19/11/2023","22","61.2"
"19/11/2023","23","97.8"
"20/11/2023","0","50.3"
"20/11/2023","1","78.5"
"20/11/2023","2","28.1"
"20/11/2023","3","55.3"
"20/11/2023","4","53.7"
"20/11/2023","5","49.3"
"20/11/2023","6","77.0"
"20/11/2023","7","166.4"
"20/11/2023","8","155.9"
"20/11/2023","9","114.0"
"20/11/2023","10","77.8"
"20/11/2023","11","185.2"
"20/11/2023","12","140.7"
"20/11/2023","13","73.4"
"20/11/2023","14","59.7"
"20/11/2023","15","65.3"
"20/11/2023","16","54.7"
"20/11/2023","17","133.3"
"20/11/2023","18","111.6"
"20/11/2023","19","54.0"
"20/11/2023","20","23.7"
"20/11/2023","21","50.5"
"20/11/2023","22","73.6"
"20/11/2023","23","55.5"
"21/11/2023","0","87.5"
"21/11/2023","1","42.7"
"21/11/2023","2","61.2"
"21/11/2023","3","69.5"
"21/11/2023","4","50.8"
"21/11/2023","5","67.0"
"21/11/2023","6","151.6"
"21/11/2023","7","124.7"
"21/11/2023","8","150.6"
"21/11/2023","9","225.7"
"21/11/2023","10","94.8"
"21/11/2023","11","112.3"
"21/11/2023","12","138.5"
"21/11/2023","13","59.4"
"21/11/2023","14","86.6"
"21/11/2023","15","55.9"
"21/11/2023","16","50.5"
"21/11/2023","17","287.7"
"21/11/2023","18","164.9"
"21/11/2023","19","61.4"
"21/11/2023","20","41.7"
"21/11/2023","21","31.2"
"21/11/2023","22","67.5"
"21/11/2023","23","174.3"
"22/11/2023","0","99.0"
"22/11/2023","1","111.3"
"22/11/2023","2","80.0"
"22/11/2023","3","74.6"
"22/11/2023","4","64.4"
"22/11/2023","5","36.4"
"22/11/2023","6","50.1"
"22/11/2023","7","134.8"
"22/11/2023","8","155.2"
"22/11/2023","9","59.7"
"22/11/2023","10","82.6"
"22/11/2023","11","92.9"
"22/11/2023","12","79.0"
"22/11/2023","13","103.8"
"22/11/2023","14","118.9"
"22/11/2023","15","63.9"
"22/11/2023","16","72.9"
"22/11/2023","17","64.8"
"22/11/2023","18","231.5"
"22/11/2023","19","53.2"
"22/11/2023","20","34.0"
"22/11/2023","21","8.5"
"22/11/2023","22","19.8"
"22/11/2023","23","26.4"
"23/11/2023","0","74.4"
"23/11/2023","1","28.6"
"23/11/2023","2","25.7"
"23/11/2023","3","27.1"
"23/11/2023","4","90.2"
"23/11/2023","5","64.8"
"23/11/2023","6","45.4"
"23/11/2023","7","0.9"
"23/11/2023","8","1001.0"
"23/11/2023","9","135.8"
"23/11/2023","10","95.3"
"23/11/2023","11","68.3"
"23/11/2023","12","120.8"
"23/11/2023","13","112.8"
"23/11/2023","14","86.1"
"23/11/2023","15","72.4"
"23/11/2023","16","42.2"
"23/11/2023","17","73.2"
"23/11/2023","18","59.2"
"23/11/2023","19","60.9"
"23/11/2023","20","71.9"
"23/11/2023","21","11.6"
"23/11/2023","22","31.5"
"23/11/2023","23","12.4"
"24/11/2023","0","10.7"
"24/11/2023","1","12.6"
"24/11/2023","2","24.7"
"24/11/2023","3","15.5"
"24/11/2023","4","20.4"
"24/11/2023","5","17.4"
"24/11/2023","6","40.6"
"24/11/2023","7","89.0"
"24/11/2023","8","119.8"
"24/11/2023","9","124.4"
"24/11/2023","10","46.6"
"24/11/2023","11","111.3"
"24/11/2023","12","100.9"
"24/11/2023","13","57.7"
"24/11/2023","14","65.4"
"24/11/2023","15","43.0"
"24/11/2023","16","24.0"
"24/11/2023","17","67.3"
"24/11/2023","18","540.5"
"24/11/2023","19","114.5"
"24/11/2023","20","37.6"
"24/11/2023","21","46.7"
"24/11/2023","22","41.0"
"24/11/2023","23","16.7"
"25/11/2023","0","30.5"
"25/11/2023","1","32.8"
"25/11/2023","2","45.7"
"25/11/2023","3","52.8"
"25/11/2023","4","13.4"
"25/11/2023","5","51.1"
"25/11/2023","6","70.0"
"25/11/2023","7","151.8"
"25/11/2023","8","147.5"
"25/11/2023","9","128.4"
"25/11/2023","10","43.4"
"25/11/2023","11","79.2"
"25/11/2023","12","242.2"
"25/11/2023","13","174.6"
"25/11/2023","14","51.5"
"25/11/2023","15","27.6"
"25/11/2023","16","60.2"
"25/11/2023","17","49.8"
"25/11/2023","18","140.5"
"25/11/2023","19","46.6"
"25/11/2023","20","34.0"
"25/11/2023","21","41.0"
"25/11/2023","22","63.2"
"25/11/2023","23","50.8"
"26/11/2023","0","89.0"
"26/11/2023","1","75.8"
"26/11/2023","2","48.6"
"26/11/2023","3","24.5"
"26/11/2023","4","28.4"
"26/11/2023","5","42.0"
"26/11/2023","6","36.2"
"26/11/2023","7","118.9"
"26/11/2023","8","114.3"
"26/11/2023","9","109.1"
"26/11/2023","10","84.9"
"26/11/2023","11","93.2"
"26/11/2023","12","64.2"
"26/11/2023","13","40.1"
"26/11/2023","14","23.0"
"26/11/2023","15","19.6"
"26/11/2023","16","31.5"
"26/11/2023","17","141.0"
"26/11/2023","18","131.9"
"26/11/2023","19","59.2"
"26/11/2023","20","19.6"
"26/11/2023","21","40.3"
"26/11/2023","22","33.7"
"26/11/2023","23","47.2"
"27/11/2023","0","39.4"
"27/11/2023","1","43.2"
"27/11/2023","2","63.9"
"27/11/2023","3","64.1"
"27/11/2023","4","28.4"
"27/11/2023","5","40.8"
"27/11/2023","6","79.8"
"27/11/2023","7","137.5"
"27/11/2023","8","212.4"
"27/11/2023","9","128.1"
"27/11/2023","10","99.9"
"27/11/2023","11","97.1"
"27/11/2023","12","102.9"
"27/11/2023","13","64.4"
"27/11/2023","14","60.4"
"27/11/2023","15","51.0"
"27/11/2023","16","37.9"
"27/11/2023","17","283.3"
"27/11/2023","18","119.6"
"27/11/2023","19","65.1"
"27/11/2023","20","43.4"
"27/11/2023","21","26.2"
"27/11/2023","22","18.1"
"27/11/2023","23","31.5"
"28/11/2023","0","37.6"
"28/11/2023","1","13.3"
"28/11/2023","2","60.0"
"28/11/2023","3","65.8"
"28/11/2023","4","65.3"
"28/11/2023","5","49.6"
"28/11/2023","6","40.0"
"28/11/2023","7","201.4"
"28/11/2023","8","198.4"
"28/11/2023","9","103.5"
"28/11/2023","10","77.7"
"28/11/2023","11","73.9"
"28/11/2023","12","180.7"
"28/11/2023","13","69.0"
"28/11/2023","14","46.1"
"28/11/2023","15","39.1"
"28/11/2023","16","684.7"
"28/11/2023","17","217.7"
"28/11/2023","18","70.5"
"28/11/2023","19","246.9"
"28/11/2023","20","32.5"
"28/11/2023","21","39.8"
"28/11/2023","22","71.0"
"28/11/2023","23","41.2"
"29/11/2023","0","34.9"
"29/11/2023","1","11.6"
"29/11/2023","2","145.6"
"29/11/2023","3","113.8"
"29/11/2023","4","80.7"
"29/11/2023","5","40.0"
"29/11/2023","6","41.3"
"29/11/2023","7","87.8"
"29/11/2023","8","171.6"
"29/11/2023","9","260.3"
"29/11/2023","10","80.7"
"29/11/2023","11","41.5"
"29/11/2023","12","39.6"
"29/11/2023","13","76.6"
"29/11/2023","14","48.6"
"29/11/2023","15","60.2"
"29/11/2023","16","92.0"
"29/11/2023","17","61.4"
"29/11/2023","18","68.3"
"29/11/2023","19","51.8"
"29/11/2023","20","51.1"
"29/11/2023","21","43.7"
"29/11/2023","22","34.2"
"29/11/2023","23","20.6"
"30/11/2023","0","44.7"
"30/11/2023","1","82.7"
"30/11/2023","2","59.0"
"30/11/2023","3","63.7"
"30/11/2023","4","94.7"
"30/11/2023","5","133.9"
"30/11/2023","6","100.5"
"30/11/2023","7","116.3"
"30/11/2023","8","209.7"
"30/11/2023","9","195.3"
"30/11/2023","10","97.8"
"30/11/2023","11","68.3"
"30/11/2023","12","162.5"
"30/11/2023","13","126.0"
"30/11/2023","14","69.3"
"30/11/2023","15","72.0"
"30/11/2023","16","375.1"
"30/11/2023","17","215.3"
"30/11/2023","18","182.6"
"30/11/2023","19","35.9"
"30/11/2023","20","21.6"
"30/11/2023","21","26.2"
"30/11/2023","22","53.8"
"30/11/2023","23","73.7"
"01/12/2023","0","96.4"
"01/12/2023","1","88.5"
"01/12/2023","2","89.3"
"01/12/2023","3","36.2"
"01/12/2023","4","40.3"
"01/12/2023","5","19.2"
"01/12/2023","6","50.9"
"01/12/2023","7","164.6"
"01/12/2023","8","159.4"
"01/12/2023","9","201.7"
"01/12/2023","10","55.3"
"01/12/2023","11","125.2"
"01/12/2023","12","164.5"
"01/12/2023","13","100.2"
"01/12/2023","14","65.4"
"01/12/2023","15","42.2"
"01/12/2023","16","154.3"
"01/12/2023","17","104.6"
"01/12/2023","18","74.9"
"01/12/2023","19","72.7"
"01/12/2023","20","37.9"
"01/12/2023","21","45.9"
"01/12/2023","22","32.8"
"01/12/2023","23","54.3"
"02/12/2023","0","33.0"
"02/12/2023","1","62.7"
"02/12/2023","2","101.9"
"02/12/2023","3","97.8"
"02/12/2023","4","71.8"
"02/12/2023","5","43.0"
"02/12/2023","6","55.1"
"02/12/2023","7","79.0"
"02/12/2023","8","227.8"
"02/12/2023","9","217.7"
"02/12/2023","10","54.5"
"02/12/2023","11","101.6"
"02/12/2023","12","115.0"
"02/12/2023","13","56.0"
"02/12/2023","14","45.4"
"02/12/2023","15","63.2"
"02/12/2023","16","112.6"
"02/12/2023","17","85.1"
"02/12/2023","18","92.2"
"02/12/2023","19","109.2"
"02/12/2023","20","45.2"
"02/12/2023","21","50.3"
"02/12/2023","22","28.9"
"02/12/2023","23","30.1"
"03/12/2023","0","48.9"
"03/12/2023","1","28.9"
"03/12/2023","2","38.4"
"03/12/2023","3","82.7"
"03/12/2023","4","25.2"
"03/12/2023","5","13.4"
"03/12/2023","6","41.3"
"03/12/2023","7","119.6"
"03/12/2023","8","83.2"
"03/12/2023","9","96.6"
"03/12/2023","10","161.8"
"03/12/2023","11","88.3"
"03/12/2023","12","59.2"
"03/12/2023","13","30.3"
"03/12/2023","14","25.2"
"03/12/2023","15","22.8"
"03/12/2023","16","51.8"
"03/12/2023","17","49.9"
"03/12/2023","18","50.1"
"03/12/2023","19","62.9"
"03/12/2023","20","34.2"
"03/12/2023","21","24.7"
"03/12/2023","22","32.3"
"03/12/2023","23","23.3"
"04/12/2023","0","60.0"
"04/12/2023","1","67.6"
"04/12/2023","2","39.9"
"04/12/2023","3","40.4"
"04/12/2023","4","26.5"
"04/12/2023","5","48.7"
"04/12/2023","6","52.6"
"04/12/2023","7","164.1"
"04/12/2023","8","260.1"
"04/12/2023","9","195.6"
"04/12/2023","10","62.0"
"04/12/2023","11","33.0"
"04/12/2023","12","94.4"
"04/12/2023","13","102.9"
"04/12/2023","14","45.0"
"04/12/2023","15","63.2"
"04/12/2023","16","206.6"
"04/12/2023","17","104.1"
"04/12/2023","18","77.3"
"04/12/2023","19","49.6"
"04/12/2023","20","33.5"
"04/12/2023","21","44.7"
"04/12/2023","22","34.9"
"04/12/2023","23","61.0"
"05/12/2023","0","46.9"
"05/12/2023","1","67.1"
"05/12/2023","2","104.8"
"05/12/2023","3","54.0"
"05/12/2023","4","100.9"
"05/12/2023","5","51.9"
"05/12/2023","6","101.7"
"05/12/2023","7","263.5"
"05/12/2023","8","208.5"
"05/12/2023","9","160.9"
"05/12/2023","10","107.5"
"05/12/2023","11","193.4"
"05/12/2023","12","112.4"
"05/12/2023","13","51.4"
"05/12/2023","14","0.9"
"05/12/2023","15",""
"05/12/2023","16","0.9"
"05/12/2023","17","0.9"
"05/12/2023","18","0.9"
"05/12/2023","19","6.0"
"05/12/2023","20","4.3"
"05/12/2023","21","0.9"
"05/12/2023","22","0.9"
"05/12/2023","23","0.9"
"06/12/2023","0","0.9"
"06/12/2023","1","0.9"
"06/12/2023","2","0.9"
"06/12/2023","3","0.9"
"06/12/2023","4","0.9"
"06/12/2023","5","0.9"
"06/12/2023","6","0.9"
"06/12/2023","7","0.9"
"06/12/2023","8","0.9"
"06/12/2023","9","0.8"
"06/12/2023","10","0.9"
"06/12/2023","11","0.9"
"06/12/2023","12","0.9"
"06/12/2023","13","0.9"
"06/12/2023","14","0.9"
"06/12/2023","15","0.9"
"06/12/2023","16","0.9"
"06/12/2023","17","0.9"
"06/12/2023","18","0.9"
"06/12/2023","19","0.9"
"06/12/2023","20","0.9"
"06/12/2023","21","1.1"
"06/12/2023","22","3.8"
"06/12/2023","23","0.9"
"07/12/2023","0","0.9"
"07/12/2023","1","0.9"
"07/12/2023","2","0.9"
"07/12/2023","3","0.9"
"07/12/2023","4","0.9"
"07/12/2023","5","1.0"
"07/12/2023","6","1.0"
"07/12/2023","7","0.9"
"07/12/2023","8","0.9"
"07/12/2023","9","0.9"
"07/12/2023","10","0.9"
"07/12/2023","11","0.9"
"07/12/2023","12","0.9"
"07/12/2023","13","0.9"
"07/12/2023","14","1.8"
"07/12/2023","15","3.1"
"07/12/2023","16","0.9"
"07/12/2023","17","0.9"
"07/12/2023","18","0.9"
"07/12/2023","19","0.9"
"07/12/2023","20","0.9"
"07/12/2023","21","0.9"
"07/12/2023","22","0.9"
"07/12/2023","23","0.9"
"08/12/2023","0","0.9"
"08/12/2023","1","0.9"
"08/12/2023","2","0.9"
"08/12/2023","3","0.9"
"08/12/2023","4","0.9"
"08/12/2023","5","0.9"
"08/12/2023","6","0.9"
"08/12/2023","7","0.9"
"08/12/2023","8","0.9"
"08/12/2023","9","0.8"
"08/12/2023","10",""
"08/12/2023","11",""
"08/12/2023","12","126.7"
"08/12/2023","13","90.5"
"08/12/2023","14","21.5"
"08/12/2023","15","25.2"
"08/12/2023","16","92.5"
"08/12/2023","17","24.7"
"08/12/2023","18","41.5"
"08/12/2023","19","47.6"
"08/12/2023","20","32.3"
"08/12/2023","21","17.2"
"08/12/2023","22","15.2"
"08/12/2023","23","213.6"
"09/12/2023","0","111.3"
"09/12/2023","1","79.2"
"09/12/2023","2","51.8"
"09/12/2023","3","34.0"
"09/12/2023","4","62.5"
"09/12/2023","5","72.7"
"09/12/2023","6","18.4"
"09/12/2023","7","138.5"
"09/12/2023","8","192.1"
"09/12/2023","9","143.6"
"09/12/2023","10","60.9"
"09/12/2023","11","110.1"
"09/12/2023","12","32.8"
"09/12/2023","13","23.7"
"09/12/2023","14","10.9"
"09/12/2023","15","24.7"
"09/12/2023","16","45.6"
"09/12/2023","17","42.5"
"09/12/2023","18","110.6"
"09/12/2023","19","54.7"
"09/12/2023","20","17.2"
"09/12/2023","21","25.2"
"09/12/2023","22","20.8"
"09/12/2023","23","33.0"
"10/12/2023","0","41.0"
"10/12/2023","1","80.3"
"10/12/2023","2","53.5"
"10/12/2023","3","71.0"
"10/12/2023","4","182.3"
"10/12/2023","5","79.0"
"10/12/2023","6","82.0"
"10/12/2023","7","133.9"
"10/12/2023","8","123.2"
"10/12/2023","9","110.3"
"10/12/2023","10","67.0"
"10/12/2023","11","137.0"
"10/12/2023","12","172.6"
"10/12/2023","13","152.6"
"10/12/2023","14","94.4"
"10/12/2023","15","28.6"
"10/12/2023","16","54.2"
"10/12/2023","17","197.0"
"10/12/2023","18","172.6"
"10/12/2023","19","80.2"
"10/12/2023","20","32.5"
"10/12/2023","21","30.3"
"10/12/2023","22","48.6"
"10/12/2023","23","108.0"
"11/12/2023","0","86.6"
"11/12/2023","1","53.8"
"11/12/2023","2","49.9"
"11/12/2023","3","28.2"
"11/12/2023","4","18.9"
"11/12/2023","5","23.3"
"11/12/2023","6","37.4"
"11/12/2023","7","76.8"
"11/12/2023","8","181.4"
"11/12/2023","9","138.5"
"11/12/2023","10","58.2"
"11/12/2023","11","61.2"
"11/12/2023","12","53.3"
"11/12/2023","13","81.4"
"11/12/2023","14","71.0"
"11/12/2023","15","59.7"
"11/12/2023","16","205.6"
"11/12/2023","17","87.1"
"11/12/2023","18","57.2"
"11/12/2023","19","33.5"
"11/12/2023","20","45.7"
"11/12/2023","21","30.5"
"11/12/2023","22","37.6"
"11/12/2023","23","23.2"
"12/12/2023","0","53.0"
"12/12/2023","1","7.0"
"12/12/2023","2","30.0"
"12/12/2023","3","26.2"
"12/12/2023","4","70.2"
"12/12/2023","5","39.1"
"12/12/2023","6","28.8"
"12/12/2023","7","207.8"
"12/12/2023","8","210.5"
"12/12/2023","9","215.5"
"12/12/2023","10","131.3"
"12/12/2023","11","38.1"
"12/12/2023","12","42.5"
"12/12/2023","13","56.2"
"12/12/2023","14","23.0"
"12/12/2023","15","22.5"
"12/12/2023","16","50.5"
"12/12/2023","17","227.3"
"12/12/2023","18","145.5"
"12/12/2023","19","84.4"
"12/12/2023","20","53.0"
"12/12/2023","21","33.0"
"12/12/2023","22","15.5"
"12/12/2023","23","29.5"
"13/12/2023","0","112.3"
"13/12/2023","1","71.7"
"13/12/2023","2","62.4"
"13/12/2023","3","116.5"
"13/12/2023","4","179.0"
"13/12/2023","5","67.6"
"13/12/2023","6","98.5"
"13/12/2023","7","179.5"
"13/12/2023","8","225.8"
"13/12/2023","9","125.2"
"13/12/2023","10","251.7"
"13/12/2023","11","58.7"
"13/12/2023","12","60.2"
"13/12/2023","13","17.2"
"13/12/2023","14","101.6"
"13/12/2023","15","68.8"
"13/12/2023","16","77.0"
"13/12/2023","17","266.2"
"13/12/2023","18","156.5"
"13/12/2023","19","99.4"
"13/12/2023","20","71.7"
"13/12/2023","21","99.5"
"13/12/2023","22","142.6"
"13/12/2023","23","79.7"
"14/12/2023","0","45.9"
"14/12/2023","1","84.1"
"14/12/2023","2","55.7"
"14/12/2023","3","45.4"
"14/12/2023","4","75.3"
"14/12/2023","5","42.2"
"14/12/2023","6","42.5"
"14/12/2023","7","149.3"
"14/12/2023","8","107.5"
"14/12/2023","9","113.5"
"14/12/2023","10","123.0"
"14/12/2023","11","58.4"
"14/12/2023","12","108.0"
"14/12/2023","13","138.6"
"14/12/2023","14","125.2"
"14/12/2023","15","81.0"
"14/12/2023","16","49.4"
"14/12/2023","17","80.7"
"14/12/2023","18","76.6"
"14/12/2023","19","57.7"
"14/12/2023","20","33.5"
"14/12/2023","21","26.6"
"14/12/2023","22","22.3"
"14/12/2023","23","16.4"
"15/12/2023","0","19.8"
"15/12/2023","1","64.1"
"15/12/2023","2","23.2"
"15/12/2023","3","43.7"
"15/12/2023","4","50.8"
"15/12/2023","5","56.2"
"15/12/2023","6","33.5"
"15/12/2023","7","148.7"
"15/12/2023","8","197.5"
"15/12/2023","9","99.2"
"15/12/2023","10","51.5"
"15/12/2023","11","160.6"
"15/12/2023","12","59.4"
"15/12/2023","13","68.3"
"15/12/2023","14","114.3"
"15/12/2023","15","63.6"
"15/12/2023","16","93.9"
"15/12/2023","17",""
"15/12/2023","18",""
"15/12/2023","19",""
"15/12/2023","20",""
"15/12/2023","21",""
"15/12/2023","22",""
"15/12/2023","23",""
