Fecha,Hora,MP10_Campamento_Continua,MP10_Campamento_Pronosticada,MP10_Sierra_Gorda_Continua,MP10_Sierra_Gorda_Pronosticada
10/24/2023,0,,537.3,,178.6
10/24/2023,1,,744.0,,314.2
10/24/2023,2,,214.0,,191.8
10/24/2023,3,,242.7,,161.8
10/24/2023,4,,202.5,,142.0
10/24/2023,5,,240.4,,160.2
10/24/2023,6,,483.3,,229.4
10/24/2023,7,,197.6,,261.0
10/24/2023,8,,296.6,,197.7
10/24/2023,9,,138.6,,92.4
10/24/2023,10,242.2,287.4,89.0,191.6
10/24/2023,11,,35.7,,51.0
10/24/2023,12,110.0,32.4,41.6,30.2
10/24/2023,13,98.2,229.0,30.0,49.0
10/24/2023,14,49.6,203.4,66.7,89.8
10/24/2023,15,44.0,186.3,76.0,266.1
10/24/2023,16,53.5,77.0,65.1,110.0
10/24/2023,17,74.0,41.3,99.0,59.0
10/24/2023,18,62.2,169.7,51.9,242.4
10/24/2023,19,,48.8,27.9,25.4
10/24/2023,20,26.6,38.8,10.8,48.4
10/24/2023,21,28.6,144.0,13.1,32.6
10/24/2023,22,39.0,178.8,12.6,55.8
10/24/2023,23,31.5,229.8,40.5,398.2
10/25/2023,0,39.3,147.8,65.3,98.5
10/25/2023,1,47.3,689.6,95.3,314.2
10/25/2023,2,115.3,308.1,24.7,191.8
10/25/2023,3,,522.6,,161.8
10/25/2023,4,303.0,231.9,43.9,142.0
10/25/2023,5,251.4,185.4,22.0,160.2
10/25/2023,6,96.7,303.9,40.5,97.1
10/25/2023,7,134.8,923.7,74.1,594.1
10/25/2023,8,155.1,538.3,199.6,358.9
10/25/2023,9,139.0,354.9,152.5,236.6
10/25/2023,10,195.8,104.2,89.3,88.8
10/25/2023,11,77.9,52.4,290.7,49.8
10/25/2023,12,62.8,66.6,89.7,95.1
10/25/2023,13,57.2,30.0,43.7,42.8
10/25/2023,14,52.8,203.4,33.6,103.5
10/25/2023,15,30.8,151.6,66.0,216.6
10/25/2023,16,32.8,77.0,158.8,110.0
10/25/2023,17,121.4,41.3,206.4,59.0
10/25/2023,18,119.0,20.0,92.9,65.2
10/25/2023,19,71.8,33.9,41.1,25.4
10/25/2023,20,32.7,71.6,18.1,115.2
10/25/2023,21,38.1,97.8,24.0,65.2
10/25/2023,22,47.8,69.9,36.8,58.4
10/25/2023,23,59.0,67.2,46.4,73.0
10/26/2023,0,141.9,681.0,90.9,178.6
10/26/2023,1,572.4,744.0,61.2,314.2
10/26/2023,2,353.0,343.7,94.8,229.1
10/26/2023,3,344.3,522.6,110.5,161.8
10/26/2023,4,198.8,231.9,47.6,142.0
10/26/2023,5,298.9,185.4,38.0,160.2
10/26/2023,6,259.5,298.2,134.8,100.1
10/26/2023,7,270.5,464.6,224.0,229.8
10/26/2023,8,597.8,502.5,334.5,358.9
10/26/2023,9,306.0,138.6,119.6,92.4
10/26/2023,10,143.1,287.4,73.4,191.6
10/26/2023,11,109.5,67.9,221.6,60.7
10/26/2023,12,84.4,178.2,,45.8
10/26/2023,13,49.4,84.6,1.0,27.2
10/26/2023,14,36.0,62.9,,61.2
10/26/2023,15,37.4,186.3,229.5,266.1
10/26/2023,16,21.6,81.3,72.9,365.5
10/26/2023,17,29.1,61.1,64.8,59.0
10/26/2023,18,28.9,169.7,242.7,242.4
10/26/2023,19,73.5,48.8,74.8,25.4
10/26/2023,20,35.5,36.3,48.6,70.2
10/26/2023,21,60.4,97.8,62.8,26.2
10/26/2023,22,66.8,83.7,47.1,46.6
10/26/2023,23,74.4,126.0,62.6,539.0
10/27/2023,0,85.4,537.3,127.4,98.5
10/27/2023,1,204.2,595.5,34.4,255.0
10/27/2023,2,221.8,272.0,75.3,196.9
10/27/2023,3,98.2,156.3,121.1,133.8
10/27/2023,4,89.6,341.1,65.6,142.0
10/27/2023,5,121.4,240.4,78.3,70.9
10/27/2023,6,223.3,462.3,82.9,202.6
10/27/2023,7,201.8,344.7,92.0,276.3
10/27/2023,8,132.5,296.6,87.5,358.9
10/27/2023,9,139.7,138.6,137.5,149.8
10/27/2023,10,147.6,72.3,138.5,48.2
10/27/2023,11,76.1,67.9,114.5,42.9
10/27/2023,12,64.7,82.5,172.6,46.0
10/27/2023,13,36.9,129.3,149.4,27.2
10/27/2023,14,26.0,72.4,131.3,82.3
10/27/2023,15,28.4,186.3,109.4,266.1
10/27/2023,16,46.9,255.8,47.9,205.0
10/27/2023,17,67.1,42.0,162.1,87.3
10/27/2023,18,167.8,169.7,91.2,242.4
10/27/2023,19,113.6,17.8,71.0,19.4
10/27/2023,20,35.7,25.9,14.8,21.8
10/27/2023,21,33.7,97.8,30.0,26.2
10/27/2023,22,41.0,87.6,37.4,46.6
10/27/2023,23,46.4,229.8,45.7,80.2
10/28/2023,0,47.1,147.8,56.2,98.5
10/28/2023,1,353.7,130.5,37.4,167.3
10/28/2023,2,343.4,308.1,1.1,139.6
10/28/2023,3,363.8,522.6,37.9,93.6
10/28/2023,4,197.6,231.9,27.9,154.6
10/28/2023,5,106.9,185.4,10.2,123.6
10/28/2023,6,152.4,303.9,45.7,202.6
10/28/2023,7,126.8,197.6,62.9,276.3
10/28/2023,8,374.9,296.6,,358.9
10/28/2023,9,202.5,136.7,181.1,91.1
10/28/2023,10,94.3,72.3,82.9,97.0
10/28/2023,11,43.4,67.9,99.9,42.9
10/28/2023,12,65.9,32.4,137.3,46.0
10/28/2023,13,73.7,37.4,189.0,48.0
10/28/2023,14,104.5,62.9,119.4,25.4
10/28/2023,15,91.1,186.3,189.7,33.2
10/28/2023,16,83.7,143.5,150.4,45.1
10/28/2023,17,70.6,41.3,165.5,87.3
10/28/2023,18,43.5,169.7,137.8,242.4
10/28/2023,19,40.6,36.9,73.7,19.4
10/28/2023,20,38.3,49.1,21.8,21.8
10/28/2023,21,26.6,97.8,18.1,26.2
10/28/2023,22,19.4,69.9,19.1,46.6
10/28/2023,23,43.2,67.2,26.0,220.6
10/29/2023,0,70.7,201.3,25.7,134.2
10/29/2023,1,124.3,130.5,46.9,84.6
10/29/2023,2,95.0,308.1,46.9,58.0
10/29/2023,3,71.2,136.3,29.1,37.3
10/29/2023,4,101.0,120.0,41.5,44.8
10/29/2023,5,142.0,295.8,44.9,166.2
10/29/2023,6,151.2,298.2,93.4,122.2
10/29/2023,7,117.0,197.6,100.9,173.2
10/29/2023,8,139.7,296.6,52.0,208.7
10/29/2023,9,99.1,138.6,80.5,91.1
10/29/2023,10,121.1,72.3,94.9,48.2
10/29/2023,11,177.9,67.9,231.0,42.9
10/29/2023,12,133.6,82.5,142.9,46.0
10/29/2023,13,61.9,24.0,179.2,42.8
10/29/2023,14,45.5,59.9,91.2,25.4
10/29/2023,15,30.1,67.7,131.4,114.8
10/29/2023,16,24.1,143.5,113.8,45.1
10/29/2023,17,26.7,41.3,79.3,60.0
10/29/2023,18,66.4,169.7,106.3,242.4
10/29/2023,19,57.1,48.8,182.8,19.4
10/29/2023,20,35.9,71.6,32.5,39.0
10/29/2023,21,19.9,97.8,5.8,26.2
10/29/2023,22,17.9,132.9,25.0,52.5
10/29/2023,23,43.0,229.8,88.8,132.0
10/30/2023,0,87.4,147.8,38.6,134.2
10/30/2023,1,100.5,689.6,12.4,167.3
10/30/2023,2,78.3,295.3,19.6,91.2
10/30/2023,3,157.9,522.6,40.5,348.4
10/30/2023,4,89.1,120.0,17.7,154.6
10/30/2023,5,100.0,295.8,24.0,123.6
10/30/2023,6,66.1,561.8,26.7,374.6
10/30/2023,7,74.9,197.6,54.8,131.8
10/30/2023,8,142.7,296.6,78.1,358.9
10/30/2023,9,99.3,500.0,62.4,92.4
10/30/2023,10,73.2,287.4,32.5,74.8
10/30/2023,11,34.0,67.9,,42.9
10/30/2023,12,73.0,21.1,110.9,30.2
10/30/2023,13,59.1,19.5,,23.2
10/30/2023,14,37.7,59.9,,49.3
10/30/2023,15,20.7,186.3,39.6,266.1
10/30/2023,16,22.1,255.8,71.8,365.5
10/30/2023,17,25.7,41.3,102.0,56.2
10/30/2023,18,167.7,169.7,76.1,242.4
10/30/2023,19,35.7,42.5,25.9,12.5
10/30/2023,20,54.4,71.6,36.6,20.7
10/30/2023,21,30.8,97.8,23.0,111.2
10/30/2023,22,24.5,132.9,27.4,58.4
10/30/2023,23,24.7,229.8,34.2,87.7
10/31/2023,0,25.7,537.3,43.4,98.5
10/31/2023,1,54.9,744.0,29.8,314.2
10/31/2023,2,43.5,214.0,29.7,229.1
10/31/2023,3,111.7,242.7,17.1,104.8
10/31/2023,4,122.8,202.5,13.7,103.2
10/31/2023,5,183.5,361.8,32.6,102.0
10/31/2023,6,79.5,888.0,51.2,592.0
10/31/2023,7,75.4,923.7,149.5,196.2
10/31/2023,8,192.1,797.5,107.4,286.9
10/31/2023,9,79.2,500.0,198.9,333.3
10/31/2023,10,68.6,287.4,125.1,191.6
10/31/2023,11,85.6,67.9,63.4,60.7
10/31/2023,12,90.6,21.1,118.4,30.2
10/31/2023,13,41.6,19.5,126.9,42.8
10/31/2023,14,35.5,59.9,100.9,71.6
10/31/2023,15,36.2,67.7,64.3,266.1
10/31/2023,16,26.7,255.8,103.1,365.5
10/31/2023,17,34.8,39.3,57.2,59.0
10/31/2023,18,40.4,169.7,116.9,242.4
10/31/2023,19,37.9,49.0,53.5,19.4
10/31/2023,20,28.4,49.1,34.7,39.0
10/31/2023,21,12.5,97.8,22.5,31.2
10/31/2023,22,9.8,78.8,31.8,46.6
10/31/2023,23,67.3,229.8,32.5,402.6
11/01/2023,0,61.4,537.3,80.7,128.1
11/01/2023,1,86.1,744.0,43.0,314.2
11/01/2023,2,86.1,214.0,85.3,191.8
11/01/2023,3,91.8,361.9,77.0,104.8
11/01/2023,4,198.5,292.7,106.1,142.0
11/01/2023,5,220.4,361.8,36.6,70.9
11/01/2023,6,248.2,888.0,61.0,374.6
11/01/2023,7,154.7,259.8,130.1,108.5
11/01/2023,8,213.6,296.6,186.2,358.9
11/01/2023,9,171.8,500.0,230.7,236.6
11/01/2023,10,111.7,287.4,89.5,191.6
11/01/2023,11,98.9,67.9,114.2,42.9
11/01/2023,12,73.5,32.4,191.6,46.0
11/01/2023,13,178.2,19.5,585.7,23.2
11/01/2023,14,198.9,40.4,715.4,71.6
11/01/2023,15,219.3,186.3,363.9,29.1
11/01/2023,16,169.9,255.8,190.4,22.0
11/01/2023,17,101.6,214.6,272.7,94.5
11/01/2023,18,89.8,169.7,164.9,242.4
11/01/2023,19,50.8,114.4,114.0,12.5
11/01/2023,20,41.2,25.9,36.8,20.7
11/01/2023,21,16.4,144.0,13.0,32.6
11/01/2023,22,26.9,88.8,13.3,82.6
11/01/2023,23,67.1,229.8,30.5,147.4
11/02/2023,0,539.1,267.8,27.2,116.0
11/02/2023,1,383.6,744.0,97.6,255.0
11/02/2023,2,383.6,214.0,120.3,323.2
11/02/2023,3,465.0,361.9,82.7,241.2
11/02/2023,4,283.2,284.1,160.9,103.2
11/02/2023,5,209.4,319.3,38.8,114.4
11/02/2023,6,102.0,888.0,40.3,592.0
11/02/2023,7,238.6,414.4,109.2,108.5
11/02/2023,8,214.1,630.9,143.6,286.9
11/02/2023,9,76.1,277.5,165.9,185.0
11/02/2023,10,152.2,118.8,159.6,79.2
11/02/2023,11,58.8,34.8,93.3,49.8
11/02/2023,12,50.0,31.7,115.2,40.6
11/02/2023,13,44.5,22.4,147.0,27.2
11/02/2023,14,55.0,31.1,156.4,61.2
11/02/2023,15,66.6,50.0,107.7,189.3
11/02/2023,16,24.8,106.4,46.8,118.4
11/02/2023,17,34.0,82.4,46.6,117.7
11/02/2023,18,53.5,36.0,34.6,100.7
11/02/2023,19,34.5,53.2,35.4,12.5
11/02/2023,20,72.5,47.7,108.2,68.6
11/02/2023,21,18.4,39.3,16.9,26.2
11/02/2023,22,12.7,343.7,29.3,92.0
11/02/2023,23,38.3,72.0,35.1,147.8
11/03/2023,0,22.3,170.1,26.2,225.6
11/03/2023,1,69.0,269.0,81.0,255.0
11/03/2023,2,69.0,554.4,45.4,369.6
11/03/2023,3,187.4,361.9,28.1,241.2
11/03/2023,4,112.1,284.1,74.8,189.4
11/03/2023,5,203.0,319.3,30.8,98.0
11/03/2023,6,383.4,888.0,52.8,592.0
11/03/2023,7,225.0,294.4,96.3,108.5
11/03/2023,8,228.4,557.7,189.9,228.9
11/03/2023,9,583.5,506.0,114.7,337.3
11/03/2023,10,208.7,287.4,114.7,191.6
11/03/2023,11,99.4,38.6,27.9,103.2
11/03/2023,12,229.9,32.4,34.0,53.9
11/03/2023,13,128.0,19.0,69.7,42.8
11/03/2023,14,71.3,42.8,61.2,103.5
11/03/2023,15,28.9,186.3,38.8,266.1
11/03/2023,16,35.3,255.8,30.0,365.5
11/03/2023,17,30.6,41.3,107.9,59.0
11/03/2023,18,155.2,169.7,72.4,242.4
11/03/2023,19,67.8,49.0,64.3,25.4
11/03/2023,20,57.3,49.1,48.8,39.0
11/03/2023,21,55.4,97.8,64.8,26.2
11/03/2023,22,61.6,69.9,92.7,46.6
11/03/2023,23,68.3,67.2,97.3,80.2
11/04/2023,0,119.1,147.8,99.2,98.5
11/04/2023,1,293.5,130.5,84.4,158.5
11/04/2023,2,293.5,308.1,56.2,369.6
11/04/2023,3,302.3,522.6,92.4,93.6
11/04/2023,4,253.8,202.5,98.2,154.6
11/04/2023,5,154.9,185.4,72.4,123.6
11/04/2023,6,997.0,298.2,156.2,374.6
11/04/2023,7,928.0,821.5,311.6,594.1
11/04/2023,8,629.7,797.5,166.1,286.9
11/04/2023,9,586.6,500.0,70.4,333.3
11/04/2023,10,296.7,287.4,36.6,191.6
11/04/2023,11,87.1,38.6,78.2,103.2
11/04/2023,12,57.6,32.4,127.2,38.4
11/04/2023,13,65.2,19.5,129.6,27.2
11/04/2023,14,45.7,17.8,51.5,103.5
11/04/2023,15,28.1,186.3,30.3,266.1
11/04/2023,16,24.6,255.8,66.5,365.5
11/04/2023,17,50.3,39.3,182.8,59.0
11/04/2023,18,108.5,169.7,62.9,242.4
11/04/2023,19,115.6,49.0,119.3,25.4
11/04/2023,20,72.5,49.1,45.4,39.0
11/04/2023,21,33.7,97.8,41.0,27.8
11/04/2023,22,32.7,69.9,39.0,46.6
11/04/2023,23,43.4,67.2,44.9,80.2
11/05/2023,0,44.9,201.3,49.1,98.5
11/05/2023,1,67.3,382.5,69.0,167.3
11/05/2023,2,67.3,308.1,86.1,139.6
11/05/2023,3,140.0,522.6,56.2,93.6
11/05/2023,4,106.7,231.9,25.0,142.0
11/05/2023,5,99.5,185.4,51.8,160.2
11/05/2023,6,115.3,225.8,76.3,374.6
11/05/2023,7,130.6,923.7,143.6,274.2
11/05/2023,8,176.7,502.5,139.2,286.9
11/05/2023,9,142.9,500.0,165.6,333.3
11/05/2023,10,146.3,287.4,65.5,191.6
11/05/2023,11,65.9,42.5,28.1,42.9
11/05/2023,12,87.2,26.9,23.7,53.9
11/05/2023,13,76.2,19.0,144.1,42.8
11/05/2023,14,61.5,17.8,55.7,89.8
11/05/2023,15,41.6,186.3,36.4,266.1
11/05/2023,16,31.1,255.8,54.0,365.5
11/05/2023,17,81.8,41.3,79.0,59.0
11/05/2023,18,102.0,169.7,90.0,242.4
11/05/2023,19,60.5,42.5,62.4,25.4
11/05/2023,20,44.2,27.3,46.4,39.0
11/05/2023,21,42.0,97.8,40.0,111.2
11/05/2023,22,32.2,69.9,33.9,46.6
11/05/2023,23,30.0,67.2,22.0,80.2
11/06/2023,0,33.0,201.3,42.4,98.5
11/06/2023,1,50.7,130.5,50.1,459.7
11/06/2023,2,50.8,308.1,91.0,229.1
11/06/2023,3,49.1,522.6,29.1,104.8
11/06/2023,4,225.2,202.5,71.0,142.0
11/06/2023,5,233.9,185.4,65.1,123.6
11/06/2023,6,605.6,561.8,155.0,374.6
11/06/2023,7,641.7,528.0,65.6,108.5
11/06/2023,8,100.5,797.5,204.1,286.9
11/06/2023,9,133.5,500.0,149.1,333.3
11/06/2023,10,89.6,287.4,198.2,191.6
11/06/2023,11,64.2,38.6,152.3,60.7
11/06/2023,12,70.6,26.9,220.2,53.9
11/06/2023,13,64.2,19.5,134.6,42.8
11/06/2023,14,44.9,40.4,86.8,89.8
11/06/2023,15,20.6,186.3,40.3,266.1
11/06/2023,16,30.8,255.8,56.2,425.5
11/06/2023,17,26.7,41.3,129.1,59.0
11/06/2023,18,186.3,169.7,84.4,242.4
11/06/2023,19,75.0,48.8,72.9,12.5
11/06/2023,20,56.1,49.1,42.9,20.7
11/06/2023,21,33.4,97.8,37.8,26.2
11/06/2023,22,34.7,69.9,42.6,46.6
11/06/2023,23,42.0,67.2,56.7,33.9
11/07/2023,0,39.8,201.3,79.5,80.0
11/07/2023,1,82.2,130.5,81.2,459.7
11/07/2023,2,82.2,308.1,68.8,196.9
11/07/2023,3,563.9,522.6,72.9,133.8
11/07/2023,4,385.3,120.0,40.0,420.0
11/07/2023,5,166.7,185.4,144.5,150.0
11/07/2023,6,94.0,225.8,57.9,263.3
11/07/2023,7,114.6,344.7,225.0,229.8
11/07/2023,8,257.3,296.6,219.4,197.7
11/07/2023,9,160.1,138.6,158.9,92.4
11/07/2023,10,149.1,287.4,66.3,191.6
11/07/2023,11,127.6,35.7,26.2,42.4
11/07/2023,12,180.7,32.4,46.4,46.0
11/07/2023,13,,229.0,31.5,53.4
11/07/2023,14,,203.4,43.2,103.5
11/07/2023,15,,186.3,78.3,266.1
11/07/2023,16,136.2,255.8,53.5,110.0
11/07/2023,17,83.6,41.3,78.5,59.0
11/07/2023,18,101.0,169.7,125.4,242.4
11/07/2023,19,75.8,48.8,53.7,25.4
11/07/2023,20,33.8,36.3,48.6,51.9
11/07/2023,21,24.8,97.8,17.6,26.2
11/07/2023,22,29.8,87.6,25.9,46.6
11/07/2023,23,43.0,229.8,33.0,80.2
11/08/2023,0,98.0,147.8,38.1,358.2
11/08/2023,1,962.0,744.0,32.8,314.2
11/08/2023,2,963.0,295.3,76.1,229.1
11/08/2023,3,733.4,522.6,75.3,69.8
11/08/2023,4,899.0,202.5,51.5,142.0
11/08/2023,5,659.0,185.4,122.7,70.9
11/08/2023,6,755.3,561.8,116.2,374.6
11/08/2023,7,655.8,923.7,169.4,274.2
11/08/2023,8,728.3,502.5,310.1,335.0
11/08/2023,9,794.4,138.6,385.8,92.4
11/08/2023,10,133.7,287.4,74.6,191.6
11/08/2023,11,97.6,42.5,26.4,60.7
11/08/2023,12,134.0,26.9,46.1,46.0
11/08/2023,13,99.5,30.0,56.5,42.8
11/08/2023,14,88.8,72.4,46.7,103.5
11/08/2023,15,39.2,186.3,101.9,266.1
11/08/2023,16,85.8,143.5,150.7,365.5
11/08/2023,17,56.5,39.3,75.8,59.0
11/08/2023,18,118.4,169.7,100.9,242.4
11/08/2023,19,69.4,48.8,44.2,12.5
11/08/2023,20,55.5,49.1,39.3,68.6
11/08/2023,21,26.2,97.8,54.7,26.2
11/08/2023,22,68.9,87.6,72.7,46.6
11/08/2023,23,132.9,597.4,146.7,80.2
11/09/2023,0,447.1,147.8,53.8,98.5
11/09/2023,1,342.0,130.5,39.8,332.7
11/09/2023,2,342.0,308.1,71.7,36.2
11/09/2023,3,48.4,522.6,72.7,90.9
11/09/2023,4,52.3,202.5,61.7,83.2
11/09/2023,5,145.4,499.9,78.5,43.7
11/09/2023,6,261.4,225.8,51.8,374.6
11/09/2023,7,309.1,344.7,96.5,594.1
11/09/2023,8,194.7,502.5,211.6,358.9
11/09/2023,9,157.0,138.6,171.6,149.8
11/09/2023,10,118.8,287.4,63.1,191.6
11/09/2023,11,49.2,67.9,62.4,60.7
11/09/2023,12,52.6,82.5,99.7,46.0
11/09/2023,13,41.2,37.4,100.9,27.2
11/09/2023,14,33.6,72.4,75.8,103.5
11/09/2023,15,21.5,186.3,48.8,266.1
11/09/2023,16,36.5,255.8,217.7,365.5
11/09/2023,17,49.0,61.1,258.0,59.0
11/09/2023,18,131.5,169.7,136.1,242.4
11/09/2023,19,71.8,48.8,74.1,19.4
11/09/2023,20,19.5,64.2,52.8,68.6
11/09/2023,21,28.2,97.8,54.7,26.2
11/09/2023,22,115.6,42.8,157.2,46.6
11/09/2023,23,280.9,126.0,143.6,80.2
11/10/2023,0,70.3,192.2,131.8,128.1
11/10/2023,1,50.4,342.9,80.7,167.3
11/10/2023,2,158.7,295.3,50.6,91.2
11/10/2023,3,165.1,140.4,80.0,90.9
11/10/2023,4,119.2,213.0,74.4,83.2
11/10/2023,5,132.2,596.4,111.3,123.6
11/10/2023,6,236.7,298.2,84.9,198.8
11/10/2023,7,201.9,138.7,150.9,146.4
11/10/2023,8,112.0,112.5,179.0,75.0
11/10/2023,9,176.6,81.9,109.1,54.6
11/10/2023,10,150.4,94.8,149.4,51.1
11/10/2023,11,135.4,60.7,105.3,86.8
11/10/2023,12,170.0,65.4,80.2,39.5
11/10/2023,13,73.6,22.4,140.5,32.0
11/10/2023,14,40.9,32.4,101.6,82.3
11/10/2023,15,52.6,67.7,98.3,189.3
11/10/2023,16,25.6,106.4,74.9,425.5
11/10/2023,17,27.7,41.3,69.8,59.0
11/10/2023,18,26.5,70.5,67.6,100.7
11/10/2023,19,24.6,40.7,98.0,12.5
11/10/2023,20,49.6,49.1,36.1,33.3
11/10/2023,21,30.1,39.3,24.9,26.2
11/10/2023,22,25.5,132.9,23.5,88.6
11/10/2023,23,119.3,120.2,15.2,53.8
11/11/2023,0,22.4,147.8,45.4,134.2
11/11/2023,1,26.5,689.6,22.5,167.3
11/11/2023,2,26.5,295.3,30.8,196.9
11/11/2023,3,229.0,522.6,86.3,348.4
11/11/2023,4,90.9,430.5,42.4,116.8
11/11/2023,5,133.4,185.4,52.8,173.3
11/11/2023,6,236.3,298.2,105.1,198.8
11/11/2023,7,191.5,197.6,100.9,131.8
11/11/2023,8,182.1,656.1,167.1,358.9
11/11/2023,9,508.3,185.1,156.7,123.4
11/11/2023,10,302.2,94.8,100.2,63.2
11/11/2023,11,170.5,42.5,72.0,60.7
11/11/2023,12,65.1,21.1,135.8,30.2
11/11/2023,13,59.9,30.0,88.0,42.8
11/11/2023,14,37.0,203.4,54.0,290.6
11/11/2023,15,20.3,186.3,25.0,266.1
11/11/2023,16,24.4,255.8,431.8,425.5
11/11/2023,17,69.2,41.3,150.4,117.7
11/11/2023,18,156.0,169.7,376.3,242.4
11/11/2023,19,90.2,49.0,56.9,25.4
11/11/2023,20,29.4,49.1,19.6,20.7
11/11/2023,21,11.6,97.8,22.7,165.5
11/11/2023,22,12.8,69.9,24.2,46.6
11/11/2023,23,33.3,67.2,40.5,80.2
11/12/2023,0,163.6,147.8,16.7,98.5
11/12/2023,1,241.4,130.5,27.6,158.5
11/12/2023,2,82.8,295.3,79.2,36.2
11/12/2023,3,51.4,522.6,36.6,133.8
11/12/2023,4,343.0,430.5,42.7,160.8
11/12/2023,5,167.6,328.5,61.2,160.2
11/12/2023,6,337.8,225.8,66.6,150.6
11/12/2023,7,294.0,197.6,155.2,225.6
11/12/2023,8,241.2,502.5,254.7,197.7
11/12/2023,9,139.9,138.6,78.3,92.4
11/12/2023,10,48.7,287.4,23.7,191.6
11/12/2023,11,24.9,42.5,8.2,60.7
11/12/2023,12,29.2,21.1,36.4,30.2
11/12/2023,13,14.6,30.0,84.9,42.8
11/12/2023,14,20.2,203.4,28.4,103.5
11/12/2023,15,21.7,186.3,13.6,266.1
11/12/2023,16,92.6,77.0,25.9,365.5
11/12/2023,17,50.2,41.3,76.3,56.2
11/12/2023,18,98.3,169.7,164.5,242.4
11/12/2023,19,30.9,42.5,93.4,25.4
11/12/2023,20,18.0,71.6,27.1,39.0
11/12/2023,21,35.7,97.8,36.1,26.2
11/12/2023,22,34.8,78.8,38.8,88.6
11/12/2023,23,138.3,229.8,21.8,95.9
11/13/2023,0,172.6,201.3,104.1,98.5
11/13/2023,1,207.5,130.5,46.4,167.3
11/13/2023,2,297.6,308.1,78.8,139.6
11/13/2023,3,92.4,522.6,57.9,93.6
11/13/2023,4,662.1,193.5,46.4,287.0
11/13/2023,5,964.0,565.5,73.2,123.6
11/13/2023,6,509.0,298.2,75.6,198.8
11/13/2023,7,421.8,344.7,213.1,112.0
11/13/2023,8,267.0,351.8,195.2,358.9
11/13/2023,9,61.5,138.6,90.0,110.4
11/13/2023,10,91.4,113.1,60.2,75.4
11/13/2023,11,60.0,35.7,192.6,60.7
11/13/2023,12,46.7,21.1,172.4,30.2
11/13/2023,13,27.5,30.0,,42.8
11/13/2023,14,19.8,203.4,,57.7
11/13/2023,15,23.9,186.3,1.0,266.1
11/13/2023,16,29.2,77.0,,365.5
11/13/2023,17,193.0,41.3,254.5,59.0
11/13/2023,18,50.9,169.7,354.4,242.4
11/13/2023,19,21.2,41.4,44.1,25.4
11/13/2023,20,8.4,71.6,21.8,39.0
11/13/2023,21,19.4,97.8,30.3,55.2
11/13/2023,22,102.5,132.9,28.6,88.6
11/13/2023,23,201.6,229.8,30.5,132.0
11/14/2023,0,274.5,537.3,76.5,98.5
11/14/2023,1,428.4,744.0,38.1,255.0
11/14/2023,2,139.8,214.0,66.0,196.9
11/14/2023,3,391.3,242.7,57.9,133.8
11/14/2023,4,288.2,213.0,137.0,142.0
11/14/2023,5,196.4,240.4,96.3,123.6
11/14/2023,6,919.0,561.8,70.0,374.6
11/14/2023,7,1000.0,344.7,270.3,229.8
11/14/2023,8,589.3,296.6,319.0,358.9
11/14/2023,9,205.0,500.0,504.6,92.4
11/14/2023,10,76.4,287.4,136.5,191.6
11/14/2023,11,43.1,30.0,116.7,60.7
11/14/2023,12,34.6,21.1,85.9,46.0
11/14/2023,13,31.7,61.1,71.2,42.8
11/14/2023,14,44.1,57.6,57.7,103.5
11/14/2023,15,31.7,186.3,276.9,266.1
11/14/2023,16,38.4,255.8,55.2,425.5
11/14/2023,17,49.4,41.3,74.4,56.2
11/14/2023,18,30.9,169.7,92.9,242.4
11/14/2023,19,26.5,49.0,78.7,12.5
11/14/2023,20,0.8,71.6,24.2,39.0
11/14/2023,21,13.3,97.8,25.9,26.2
11/14/2023,22,47.7,132.9,33.9,88.6
11/14/2023,23,60.5,229.8,26.4,53.8
11/15/2023,0,42.8,147.8,49.6,98.5
11/15/2023,1,52.6,744.0,19.1,459.7
11/15/2023,2,115.6,214.0,30.3,191.8
11/15/2023,3,508.0,716.4,53.3,161.8
11/15/2023,4,423.4,341.1,109.1,142.0
11/15/2023,5,219.6,240.4,60.9,160.2
11/15/2023,6,146.2,888.0,49.4,374.6
11/15/2023,7,121.7,162.8,84.4,276.3
11/15/2023,8,247.0,693.3,132.3,358.9
11/15/2023,9,140.8,500.0,210.9,149.8
11/15/2023,10,58.1,287.4,91.2,191.6
11/15/2023,11,32.1,42.5,28.1,60.7
11/15/2023,12,41.1,21.1,105.1,46.0
11/15/2023,13,35.6,19.5,86.3,27.2
11/15/2023,14,44.3,59.9,82.4,82.3
11/15/2023,15,27.5,186.3,62.6,266.1
11/15/2023,16,41.9,255.8,52.5,365.5
11/15/2023,17,39.7,61.1,68.3,117.7
11/15/2023,18,35.4,169.7,53.0,242.4
11/15/2023,19,42.6,48.8,53.0,25.4
11/15/2023,20,23.6,71.6,31.3,70.2
11/15/2023,21,16.5,97.8,11.4,26.2
11/15/2023,22,33.3,69.9,21.0,20.8
11/15/2023,23,75.0,229.8,30.5,80.2
11/16/2023,0,68.1,147.8,19.3,98.5
11/16/2023,1,270.4,744.0,66.6,314.2
11/16/2023,2,270.4,214.0,99.0,191.8
11/16/2023,3,184.9,156.3,60.9,133.8
11/16/2023,4,269.0,292.7,68.3,142.0
11/16/2023,5,232.7,361.8,19.4,160.2
11/16/2023,6,85.5,561.8,45.9,374.6
11/16/2023,7,221.7,344.7,58.2,108.5
11/16/2023,8,116.1,296.6,170.1,286.9
11/16/2023,9,130.7,500.0,66.0,236.6
11/16/2023,10,77.7,287.4,67.0,191.6
11/16/2023,11,58.9,30.0,123.0,42.9
11/16/2023,12,55.8,21.1,86.1,30.2
11/16/2023,13,35.8,19.5,93.6,42.8
11/16/2023,14,27.8,59.9,116.5,89.8
11/16/2023,15,27.0,186.3,119.8,266.1
11/16/2023,16,24.2,255.8,70.5,365.5
11/16/2023,17,62.6,39.3,104.6,59.0
11/16/2023,18,61.6,169.7,79.2,242.4
11/16/2023,19,59.4,48.8,85.8,25.4
11/16/2023,20,27.4,49.1,30.3,39.0
11/16/2023,21,38.6,97.8,73.9,26.2
11/16/2023,22,41.8,69.9,56.7,28.5
11/16/2023,23,38.1,67.2,43.9,220.6
11/17/2023,0,134.9,681.0,109.6,98.5
11/17/2023,1,42.6,693.0,69.5,158.5
11/17/2023,2,42.6,429.7,92.4,369.6
11/17/2023,3,114.4,468.6,25.7,139.8
11/17/2023,4,272.6,213.0,33.2,228.0
11/17/2023,5,145.2,240.4,51.8,231.7
11/17/2023,6,185.0,561.8,80.0,374.6
11/17/2023,7,77.6,344.7,135.5,261.0
11/17/2023,8,143.5,296.6,214.0,239.1
11/17/2023,9,176.8,138.6,128.3,92.4
11/17/2023,10,64.2,287.4,90.4,191.6
11/17/2023,11,45.7,67.9,113.0,60.7
11/17/2023,12,39.2,21.1,119.1,46.0
11/17/2023,13,36.2,19.5,103.3,42.8
11/17/2023,14,31.9,59.9,145.8,49.3
11/17/2023,15,39.9,50.0,199.4,266.1
11/17/2023,16,36.1,143.5,57.0,425.5
11/17/2023,17,32.9,61.1,53.0,59.0
11/17/2023,18,30.0,169.7,63.1,242.4
11/17/2023,19,67.2,48.8,197.7,12.5
11/17/2023,20,23.9,38.8,47.9,474.2
11/17/2023,21,22.4,97.8,61.9,26.2
11/17/2023,22,45.2,83.7,43.9,58.4
11/17/2023,23,102.8,229.8,46.4,147.8
11/18/2023,0,92.6,681.0,34.0,358.2
11/18/2023,1,31.4,744.0,32.5,211.6
11/18/2023,2,31.3,280.2,45.4,369.6
11/18/2023,3,113.0,507.3,54.7,179.5
11/18/2023,4,102.8,292.7,45.9,144.7
11/18/2023,5,236.0,282.6,35.2,114.4
11/18/2023,6,310.5,888.0,70.3,510.3
11/18/2023,7,114.4,493.1,193.8,594.1
11/18/2023,8,155.0,646.5,279.3,286.9
11/18/2023,9,210.7,325.5,109.8,217.0
11/18/2023,10,106.8,287.4,29.0,191.6
11/18/2023,11,20.0,38.6,32.3,60.7
11/18/2023,12,73.1,32.4,131.1,36.0
11/18/2023,13,33.1,19.0,87.3,29.8
11/18/2023,14,24.2,62.9,100.9,290.6
11/18/2023,15,16.4,186.3,80.7,266.1
11/18/2023,16,17.6,77.0,34.7,110.0
11/18/2023,17,13.9,41.3,173.3,59.0
11/18/2023,18,163.5,169.7,78.2,242.4
11/18/2023,19,97.6,49.0,42.7,12.5
11/18/2023,20,44.5,27.3,51.0,70.2
11/18/2023,21,47.2,97.8,45.4,26.2
11/18/2023,22,34.8,69.9,62.6,20.8
11/18/2023,23,37.2,114.9,69.7,33.9
11/19/2023,0,61.5,147.8,45.7,98.5
11/19/2023,1,160.7,237.8,67.3,255.0
11/19/2023,2,104.8,167.1,64.8,369.6
11/19/2023,3,217.9,213.9,36.8,104.8
11/19/2023,4,293.9,217.0,31.3,144.7
11/19/2023,5,169.5,171.6,84.1,114.4
11/19/2023,6,126.3,225.8,89.2,592.0
11/19/2023,7,129.2,891.2,270.8,274.2
11/19/2023,8,188.0,430.3,178.5,286.9
11/19/2023,9,162.4,503.1,74.8,335.4
11/19/2023,10,146.2,118.8,40.0,79.2
11/19/2023,11,74.7,73.5,94.6,105.0
11/19/2023,12,81.1,82.2,120.3,117.5
11/19/2023,13,50.7,36.6,102.8,79.8
11/19/2023,14,22.4,42.8,30.5,290.6
11/19/2023,15,18.1,186.3,34.4,266.1
11/19/2023,16,16.8,255.8,23.4,365.5
11/19/2023,17,114.0,41.3,347.0,59.0
11/19/2023,18,765.7,169.7,98.7,242.4
11/19/2023,19,46.2,42.5,45.6,25.4
11/19/2023,20,59.8,49.1,56.4,20.7
11/19/2023,21,48.2,97.8,60.7,27.8
11/19/2023,22,50.8,87.6,61.2,87.8
11/19/2023,23,106.1,229.8,97.8,33.9
11/20/2023,0,162.9,147.8,50.3,98.5
11/20/2023,1,367.8,744.0,78.5,158.5
11/20/2023,2,367.8,214.0,28.1,229.1
11/20/2023,3,650.9,156.3,55.3,193.8
11/20/2023,4,264.5,202.5,53.7,142.0
11/20/2023,5,197.4,185.4,49.3,123.6
11/20/2023,6,322.8,225.8,77.0,374.6
11/20/2023,7,385.2,344.7,166.4,594.1
11/20/2023,8,254.6,646.5,155.9,286.9
11/20/2023,9,231.0,500.0,114.0,333.3
11/20/2023,10,159.7,287.4,77.8,191.6
11/20/2023,11,97.8,38.6,185.2,60.7
11/20/2023,12,49.7,26.9,140.7,53.9
11/20/2023,13,46.5,19.5,73.4,29.8
11/20/2023,14,36.1,34.5,59.7,290.6
11/20/2023,15,36.3,186.3,65.3,266.1
11/20/2023,16,22.4,255.8,54.7,365.5
11/20/2023,17,41.6,41.3,133.3,59.0
11/20/2023,18,89.7,169.7,111.6,242.4
11/20/2023,19,29.9,42.5,54.0,25.4
11/20/2023,20,58.6,49.1,23.7,171.4
11/20/2023,21,32.8,97.8,50.5,26.2
11/20/2023,22,48.9,69.9,73.6,46.6
11/20/2023,23,75.9,67.2,55.5,33.9
11/21/2023,0,100.2,147.8,87.5,98.5
11/21/2023,1,166.6,130.5,42.7,158.5
11/21/2023,2,166.6,308.1,61.2,196.9
11/21/2023,3,230.0,522.6,69.5,133.8
11/21/2023,4,202.1,213.0,50.8,154.6
11/21/2023,5,229.7,185.4,67.0,123.6
11/21/2023,6,379.3,561.8,151.6,374.6
11/21/2023,7,280.6,344.7,124.7,594.1
11/21/2023,8,223.2,502.5,150.6,335.0
11/21/2023,9,191.9,500.0,225.7,333.3
11/21/2023,10,140.8,287.4,94.8,191.6
11/21/2023,11,36.5,67.9,112.3,60.7
11/21/2023,12,54.8,32.4,138.5,38.4
11/21/2023,13,31.4,19.5,59.4,42.8
11/21/2023,14,29.7,203.4,86.6,103.5
11/21/2023,15,21.7,186.3,55.9,266.1
11/21/2023,16,12.6,255.8,50.5,365.5
11/21/2023,17,146.2,41.3,287.7,59.0
11/21/2023,18,504.0,169.7,164.9,242.4
11/21/2023,19,50.4,41.4,61.4,12.5
11/21/2023,20,47.6,36.3,41.7,39.0
11/21/2023,21,34.3,97.8,31.2,26.2
11/21/2023,22,48.7,69.9,67.5,46.6
11/21/2023,23,164.4,67.2,174.3,33.9
11/22/2023,0,107.5,147.8,99.0,98.5
11/22/2023,1,115.1,744.0,111.3,314.2
11/22/2023,2,115.1,214.0,80.0,229.1
11/22/2023,3,188.8,522.6,74.6,133.8
11/22/2023,4,210.5,202.5,64.4,142.0
11/22/2023,5,126.1,185.4,36.4,160.2
11/22/2023,6,182.1,561.8,50.1,374.6
11/22/2023,7,126.1,923.7,134.8,173.2
11/22/2023,8,105.8,296.6,155.2,358.9
11/22/2023,9,94.6,500.0,59.7,236.6
11/22/2023,10,42.6,287.4,82.6,191.6
11/22/2023,11,70.4,67.9,92.9,60.7
11/22/2023,12,56.2,32.4,79.0,30.2
11/22/2023,13,45.5,19.5,103.8,27.8
11/22/2023,14,32.4,17.8,118.9,49.3
11/22/2023,15,36.1,50.0,63.9,266.1
11/22/2023,16,29.7,143.5,72.9,365.5
11/22/2023,17,29.2,41.3,64.8,59.0
11/22/2023,18,67.2,169.7,231.5,242.4
11/22/2023,19,59.8,20.0,53.2,25.4
11/22/2023,20,39.4,49.1,34.0,147.4
11/22/2023,21,11.6,97.8,8.5,26.2
11/22/2023,22,20.9,219.8,19.8,58.4
11/22/2023,23,23.9,229.8,26.4,220.6
11/23/2023,0,120.2,147.8,74.4,165.0
11/23/2023,1,143.0,382.5,28.6,167.3
11/23/2023,2,143.0,214.0,25.7,36.2
11/23/2023,3,59.8,522.6,27.1,193.8
11/23/2023,4,175.3,231.9,90.2,160.8
11/23/2023,5,219.8,185.4,64.8,160.2
11/23/2023,6,117.6,225.8,45.4,150.6
11/23/2023,7,101.6,530.1,0.9,274.2
11/23/2023,8,223.9,502.5,,358.9
11/23/2023,9,176.6,138.6,135.8,92.4
11/23/2023,10,113.9,287.4,95.3,191.6
11/23/2023,11,74.0,67.9,68.3,60.7
11/23/2023,12,62.0,82.5,120.8,30.2
11/23/2023,13,39.9,19.5,112.8,40.4
11/23/2023,14,30.4,34.5,86.1,290.6
11/23/2023,15,26.0,186.3,72.4,266.1
11/23/2023,16,21.0,255.8,42.2,365.5
11/23/2023,17,21.5,41.3,73.2,59.0
11/23/2023,18,28.5,169.7,59.2,242.4
11/23/2023,19,49.2,42.5,60.9,12.5
11/23/2023,20,58.9,36.3,71.9,147.4
11/23/2023,21,36.5,97.8,11.6,26.2
11/23/2023,22,21.2,78.8,31.5,88.6
11/23/2023,23,18.7,229.8,12.4,80.2
11/24/2023,0,15.5,267.8,10.7,98.5
11/24/2023,1,48.9,744.0,12.6,255.0
11/24/2023,2,48.9,308.1,24.7,229.1
11/24/2023,3,34.0,522.6,15.5,193.8
11/24/2023,4,128.1,120.0,20.4,142.0
11/24/2023,5,62.7,295.8,17.4,160.2
11/24/2023,6,92.3,561.8,40.6,374.6
11/24/2023,7,338.2,344.7,89.0,274.2
11/24/2023,8,354.6,296.6,119.8,431.0
11/24/2023,9,376.6,500.0,124.4,333.3
11/24/2023,10,194.9,287.4,46.6,191.6
11/24/2023,11,95.3,35.7,111.3,51.0
11/24/2023,12,45.0,32.4,100.9,46.3
11/24/2023,13,45.0,37.4,57.7,53.4
11/24/2023,14,60.8,203.4,65.4,103.5
11/24/2023,15,41.9,186.3,43.0,266.1
11/24/2023,16,21.5,77.0,24.0,365.5
11/24/2023,17,41.6,41.3,67.3,59.0
11/24/2023,18,82.3,169.7,540.5,242.4
11/24/2023,19,86.8,36.9,114.5,25.4
11/24/2023,20,55.5,36.3,37.6,20.7
11/24/2023,21,41.1,97.8,46.7,26.2
11/24/2023,22,36.7,69.9,41.0,46.6
11/24/2023,23,28.2,67.2,16.7,220.6
11/25/2023,0,33.8,201.3,30.5,134.2
11/25/2023,1,83.2,126.9,32.8,167.3
11/25/2023,2,31.4,214.0,45.7,139.6
11/25/2023,3,171.4,242.7,52.8,93.6
11/25/2023,4,35.3,120.0,13.4,142.0
11/25/2023,5,208.8,295.8,51.1,123.6
11/25/2023,6,179.9,561.8,70.0,374.6
11/25/2023,7,120.4,530.1,151.8,276.3
11/25/2023,8,158.2,296.6,147.5,335.0
11/25/2023,9,130.7,500.0,128.4,333.3
11/25/2023,10,97.5,287.4,43.4,191.6
11/25/2023,11,104.3,42.5,79.2,51.0
11/25/2023,12,44.5,21.1,242.2,30.2
11/25/2023,13,57.5,20.9,174.6,53.4
11/25/2023,14,78.4,203.4,51.5,103.5
11/25/2023,15,55.8,186.3,27.6,266.1
11/25/2023,16,56.8,276.6,60.2,425.5
11/25/2023,17,84.6,41.3,49.8,59.0
11/25/2023,18,96.9,169.7,140.5,242.4
11/25/2023,19,65.8,41.4,46.6,25.4
11/25/2023,20,42.3,36.3,34.0,39.0
11/25/2023,21,41.1,97.8,41.0,26.2
11/25/2023,22,45.4,69.9,63.2,46.6
11/25/2023,23,57.7,229.8,50.8,80.2
11/26/2023,0,81.1,147.8,89.0,98.5
11/26/2023,1,83.3,744.0,75.8,459.7
11/26/2023,2,83.2,214.0,48.6,191.8
11/26/2023,3,28.0,242.7,24.5,139.8
11/26/2023,4,210.3,573.9,28.4,72.8
11/26/2023,5,127.3,185.4,42.0,156.8
11/26/2023,6,58.4,561.8,36.2,374.6
11/26/2023,7,216.7,923.7,118.9,229.8
11/26/2023,8,152.5,296.6,114.3,358.9
11/26/2023,9,210.0,138.6,109.1,92.4
11/26/2023,10,96.6,287.4,84.9,191.6
11/26/2023,11,96.6,67.9,93.2,60.7
11/26/2023,12,55.5,32.4,64.2,30.2
11/26/2023,13,74.8,28.3,40.1,29.8
11/26/2023,14,47.7,34.5,23.0,103.5
11/26/2023,15,35.4,186.3,19.6,266.1
11/26/2023,16,28.2,77.0,31.5,110.0
11/26/2023,17,136.9,41.3,141.0,59.0
11/26/2023,18,105.9,169.7,131.9,242.4
11/26/2023,19,61.1,19.4,59.2,25.4
11/26/2023,20,36.2,36.3,19.6,20.7
11/26/2023,21,24.8,97.8,40.3,111.2
11/26/2023,22,33.5,69.9,33.7,58.4
11/26/2023,23,100.7,67.2,47.2,44.8
11/27/2023,0,107.6,201.3,39.4,98.5
11/27/2023,1,341.0,130.5,43.2,167.3
11/27/2023,2,297.9,308.1,63.9,91.2
11/27/2023,3,153.1,136.3,64.1,93.6
11/27/2023,4,216.0,120.0,28.4,154.6
11/27/2023,5,228.6,185.4,40.8,123.6
11/27/2023,6,162.2,561.8,79.8,374.6
11/27/2023,7,146.4,344.7,137.5,594.1
11/27/2023,8,162.4,538.3,212.4,200.3
11/27/2023,9,77.0,224.7,128.1,149.8
11/27/2023,10,49.7,104.2,99.9,69.4
11/27/2023,11,76.2,52.4,97.1,49.8
11/27/2023,12,77.7,82.5,102.9,51.4
11/27/2023,13,40.4,28.3,64.4,57.0
11/27/2023,14,25.3,203.4,60.4,290.6
11/27/2023,15,19.7,186.3,51.0,266.1
11/27/2023,16,21.7,297.8,37.9,365.5
11/27/2023,17,322.9,41.3,283.3,59.0
11/27/2023,18,51.2,70.5,119.6,100.7
11/27/2023,19,47.4,19.4,65.1,12.5
11/27/2023,20,24.1,36.3,43.4,39.0
11/27/2023,21,23.4,39.3,26.2,26.2
11/27/2023,22,18.0,31.2,18.1,20.8
11/27/2023,23,30.4,50.8,31.5,33.9
11/28/2023,0,32.1,130.2,37.6,98.5
11/28/2023,1,106.3,542.7,13.3,255.0
11/28/2023,2,512.3,343.7,60.0,229.1
11/28/2023,3,112.2,140.4,65.8,139.8
11/28/2023,4,313.8,120.0,65.3,142.0
11/28/2023,5,143.2,295.8,49.6,160.2
11/28/2023,6,189.9,298.2,40.0,374.6
11/28/2023,7,197.1,923.7,201.4,594.1
11/28/2023,8,250.5,296.6,198.4,358.9
11/28/2023,9,268.2,500.0,103.5,333.3
11/28/2023,10,52.0,287.4,77.7,191.6
11/28/2023,11,40.1,67.9,73.9,60.7
11/28/2023,12,62.8,82.5,180.7,30.2
11/28/2023,13,77.0,19.0,69.0,42.8
11/28/2023,14,19.8,203.4,46.1,89.8
11/28/2023,15,11.9,186.3,39.1,266.1
11/28/2023,16,370.8,77.0,684.7,365.5
11/28/2023,17,58.9,41.3,217.7,59.0
11/28/2023,18,50.9,169.7,70.5,242.4
11/28/2023,19,46.7,41.4,246.9,12.5
11/28/2023,20,39.4,36.3,32.5,39.0
11/28/2023,21,40.6,97.8,39.8,26.2
11/28/2023,22,40.6,87.6,71.0,46.6
11/28/2023,23,26.9,67.2,41.2,80.2
11/29/2023,0,36.7,147.8,34.9,98.5
11/29/2023,1,48.4,382.5,11.6,167.3
11/29/2023,2,106.0,214.0,145.6,196.9
11/29/2023,3,72.8,522.6,113.8,133.8
11/29/2023,4,195.6,231.9,80.7,142.0
11/29/2023,5,100.1,185.4,40.0,123.6
11/29/2023,6,171.3,561.8,41.3,374.6
11/29/2023,7,495.2,344.7,87.8,274.2
11/29/2023,8,294.4,296.6,171.6,335.0
11/29/2023,9,182.9,500.0,260.3,92.4
11/29/2023,10,194.6,287.4,80.7,191.6
11/29/2023,11,77.4,35.7,41.5,60.7
11/29/2023,12,54.0,32.4,39.6,30.2
11/29/2023,13,71.6,129.3,76.6,42.8
11/29/2023,14,58.9,203.4,48.6,82.3
11/29/2023,15,78.9,186.3,60.2,266.1
11/29/2023,16,109.0,77.0,92.0,425.5
11/29/2023,17,79.8,41.3,61.4,59.0
11/29/2023,18,68.9,169.7,68.3,242.4
11/29/2023,19,68.4,42.5,51.8,25.4
11/29/2023,20,36.9,49.1,51.1,20.7
11/29/2023,21,22.6,97.8,43.7,55.2
11/29/2023,22,25.2,87.6,34.2,28.5
11/29/2023,23,30.3,229.8,20.6,398.2
11/30/2023,0,34.0,201.3,44.7,128.1
11/30/2023,1,79.5,130.5,82.7,314.2
11/30/2023,2,79.5,295.3,59.0,229.1
11/30/2023,3,126.1,136.3,63.7,133.8
11/30/2023,4,177.7,213.0,94.7,142.0
11/30/2023,5,212.6,185.4,133.9,156.8
11/30/2023,6,275.9,561.8,100.5,374.6
11/30/2023,7,162.3,344.7,116.3,594.1
11/30/2023,8,448.4,296.6,209.7,335.0
11/30/2023,9,231.4,500.0,195.3,92.4
11/30/2023,10,105.0,287.4,97.8,191.6
11/30/2023,11,55.2,67.9,68.3,60.7
11/30/2023,12,64.3,82.5,162.5,30.2
11/30/2023,13,34.6,37.4,126.0,35.0
11/30/2023,14,21.7,72.4,69.3,89.8
11/30/2023,15,12.8,186.3,72.0,266.1
11/30/2023,16,18.3,255.8,375.1,110.0
11/30/2023,17,173.6,41.3,215.3,59.0
11/30/2023,18,82.5,169.7,182.6,242.4
11/30/2023,19,111.3,53.8,35.9,25.4
11/30/2023,20,47.9,15.3,21.6,21.8
11/30/2023,21,22.3,97.8,26.2,165.5
11/30/2023,22,40.5,69.9,53.8,28.5
11/30/2023,23,69.6,597.4,73.7,33.9
12/01/2023,0,346.9,201.3,96.4,134.2
12/01/2023,1,266.9,689.6,88.5,167.3
12/01/2023,2,266.9,295.3,89.3,196.9
12/01/2023,3,152.7,522.6,36.2,348.4
12/01/2023,4,196.6,231.9,40.3,80.0
12/01/2023,5,218.3,295.8,19.2,70.9
12/01/2023,6,155.4,96.9,50.9,150.6
12/01/2023,7,140.8,464.6,164.6,229.8
12/01/2023,8,203.3,502.5,159.4,197.7
12/01/2023,9,127.8,138.6,201.7,333.3
12/01/2023,10,166.3,287.4,55.3,191.6
12/01/2023,11,76.2,67.9,125.2,42.9
12/01/2023,12,78.8,32.4,164.5,30.2
12/01/2023,13,64.3,19.0,100.2,27.2
12/01/2023,14,42.6,203.4,65.4,82.3
12/01/2023,15,26.7,186.3,42.2,266.1
12/01/2023,16,48.4,255.8,154.3,365.5
12/01/2023,17,126.6,41.3,104.6,59.0
12/01/2023,18,100.4,169.7,74.9,242.4
12/01/2023,19,52.6,19.4,72.7,19.4
12/01/2023,20,40.5,36.3,37.9,39.0
12/01/2023,21,43.5,97.8,45.9,26.2
12/01/2023,22,21.8,69.9,32.8,46.6
12/01/2023,23,16.7,67.2,54.3,33.9
12/02/2023,0,45.2,147.8,33.0,98.5
12/02/2023,1,60.7,689.6,62.7,459.7
12/02/2023,2,60.7,295.3,101.9,229.1
12/02/2023,3,216.6,242.7,97.8,193.8
12/02/2023,4,128.2,231.9,71.8,228.0
12/02/2023,5,156.9,185.4,43.0,160.2
12/02/2023,6,129.7,561.8,55.1,374.6
12/02/2023,7,278.8,457.3,79.0,594.1
12/02/2023,8,159.4,296.6,227.8,153.8
12/02/2023,9,239.6,500.0,217.7,92.4
12/02/2023,10,102.0,287.4,54.5,191.6
12/02/2023,11,44.2,67.9,101.6,60.7
12/02/2023,12,101.9,32.4,115.0,30.2
12/02/2023,13,53.3,39.9,56.0,57.0
12/02/2023,14,21.9,203.4,45.4,82.3
12/02/2023,15,30.4,186.3,63.2,266.1
12/02/2023,16,35.0,77.0,112.6,110.0
12/02/2023,17,128.5,41.3,85.1,59.0
12/02/2023,18,131.7,169.7,92.2,242.4
12/02/2023,19,87.5,41.4,109.2,25.4
12/02/2023,20,77.8,36.3,45.2,20.7
12/02/2023,21,45.4,97.8,50.3,65.2
12/02/2023,22,44.7,69.9,28.9,58.4
12/02/2023,23,30.1,67.2,30.1,87.7
12/03/2023,0,31.3,201.3,48.9,98.5
12/03/2023,1,39.3,689.6,28.9,459.7
12/03/2023,2,39.4,214.0,38.4,142.7
12/03/2023,3,89.8,156.3,82.7,348.4
12/03/2023,4,86.9,292.7,25.2,142.0
12/03/2023,5,117.3,240.4,13.4,70.9
12/03/2023,6,114.6,225.8,41.3,510.3
12/03/2023,7,104.5,344.7,119.6,594.1
12/03/2023,8,162.1,646.5,83.2,431.0
12/03/2023,9,322.7,500.0,96.6,333.3
12/03/2023,10,93.0,287.4,161.8,191.6
12/03/2023,11,42.1,35.7,88.3,103.2
12/03/2023,12,60.5,32.4,59.2,53.9
12/03/2023,13,98.0,229.0,30.3,29.8
12/03/2023,14,59.5,203.4,25.2,49.3
12/03/2023,15,41.1,186.3,22.8,266.1
12/03/2023,16,50.4,77.0,51.8,110.0
12/03/2023,17,113.6,41.3,49.9,59.0
12/03/2023,18,57.6,169.7,50.1,242.4
12/03/2023,19,62.7,42.5,62.9,25.4
12/03/2023,20,44.7,71.6,34.2,147.4
12/03/2023,21,37.6,97.8,24.7,165.5
12/03/2023,22,31.8,132.9,32.3,88.6
12/03/2023,23,35.4,229.8,23.3,73.0
12/04/2023,0,54.9,147.8,60.0,98.5
12/04/2023,1,58.0,689.6,67.6,459.7
12/04/2023,2,58.1,214.0,39.9,303.6
12/04/2023,3,96.7,522.6,40.4,161.8
12/04/2023,4,138.7,231.9,26.5,382.6
12/04/2023,5,307.3,185.4,48.7,160.2
12/04/2023,6,53.5,888.0,52.6,374.6
12/04/2023,7,220.4,724.8,164.1,594.1
12/04/2023,8,222.1,261.6,260.1,228.9
12/04/2023,9,232.0,500.0,195.6,333.3
12/04/2023,10,180.8,287.4,62.0,191.6
12/04/2023,11,75.7,67.9,33.0,60.7
12/04/2023,12,109.8,32.4,94.4,30.2
12/04/2023,13,42.8,39.9,102.9,57.0
12/04/2023,14,30.4,203.4,45.0,103.5
12/04/2023,15,21.4,186.3,63.2,266.1
12/04/2023,16,22.1,77.0,206.6,365.5
12/04/2023,17,193.1,41.3,104.1,59.0
12/04/2023,18,69.8,169.7,77.3,242.4
12/04/2023,19,67.4,19.4,49.6,25.4
12/04/2023,20,37.6,49.1,33.5,20.7
12/04/2023,21,40.5,97.8,44.7,65.2
12/04/2023,22,27.8,69.9,34.9,58.4
12/04/2023,23,30.5,330.8,61.0,220.6
12/05/2023,0,34.2,201.3,46.9,98.5
12/05/2023,1,154.4,130.5,67.1,167.3
12/05/2023,2,154.4,295.3,104.8,91.2
12/05/2023,3,327.4,136.3,54.0,348.4
12/05/2023,4,345.6,120.0,100.9,312.5
12/05/2023,5,496.3,185.4,51.9,70.9
12/05/2023,6,330.0,298.2,101.7,198.8
12/05/2023,7,264.1,197.6,263.5,594.1
12/05/2023,8,395.1,296.6,208.5,225.2
12/05/2023,9,332.3,224.7,160.9,149.8
12/05/2023,10,256.2,104.2,107.5,84.3
12/05/2023,11,100.4,52.4,193.4,60.7
12/05/2023,12,58.8,68.0,112.4,60.2
12/05/2023,13,40.6,19.0,51.4,28.0
12/05/2023,14,24.6,40.4,0.9,82.3
12/05/2023,15,233.1,186.3,,266.1
12/05/2023,16,11.5,77.0,0.9,425.5
12/05/2023,17,74.9,41.3,0.9,59.0
12/05/2023,18,204.8,169.7,0.9,242.4
12/05/2023,19,90.4,41.4,6.0,12.5
12/05/2023,20,49.3,36.3,4.3,39.0
12/05/2023,21,31.8,97.8,0.9,65.2
12/05/2023,22,23.8,69.9,0.9,46.6
12/05/2023,23,44.2,67.2,0.9,80.2
12/06/2023,0,111.7,681.0,0.9,178.6
12/06/2023,1,166.0,744.0,0.9,140.4
12/06/2023,2,166.0,214.0,0.9,513.0
12/06/2023,3,,361.9,0.9,260.4
12/06/2023,4,492.4,292.7,0.9,445.4
12/06/2023,5,250.4,240.4,0.9,297.5
12/06/2023,6,214.6,561.8,0.9,510.3
12/06/2023,7,786.6,923.7,0.9,594.1
12/06/2023,8,218.9,557.7,0.9,431.0
12/06/2023,9,273.2,506.0,0.8,337.3
12/06/2023,10,193.1,287.4,0.9,191.6
12/06/2023,11,36.4,35.7,0.9,60.7
12/06/2023,12,54.5,32.4,0.9,53.9
12/06/2023,13,92.6,129.3,0.9,40.4
12/06/2023,14,62.2,203.4,0.9,49.3
12/06/2023,15,75.2,186.3,0.9,266.1
12/06/2023,16,92.3,276.6,0.9,395.2
12/06/2023,17,117.8,41.3,0.9,59.0
12/06/2023,18,120.9,169.7,0.9,242.4
12/06/2023,19,64.5,49.0,0.9,25.4
12/06/2023,20,26.4,49.1,0.9,147.4
12/06/2023,21,18.9,97.8,1.1,165.5
12/06/2023,22,19.6,132.9,3.8,58.4
12/06/2023,23,20.6,229.8,0.9,398.2
12/07/2023,0,171.5,147.8,0.9,178.6
12/07/2023,1,576.5,744.0,0.9,314.2
12/07/2023,2,576.5,214.0,0.9,229.1
12/07/2023,3,458.2,242.7,0.9,97.5
12/07/2023,4,700.6,202.5,0.9,144.7
12/07/2023,5,481.1,240.4,1.0,212.9
12/07/2023,6,632.3,353.8,1.0,592.0
12/07/2023,7,535.5,294.4,0.9,594.1
12/07/2023,8,288.6,646.5,0.9,286.9
12/07/2023,9,355.2,506.0,0.9,337.3
12/07/2023,10,145.4,287.4,0.9,191.6
12/07/2023,11,108.0,72.3,0.9,103.2
12/07/2023,12,96.8,32.4,0.9,38.4
12/07/2023,13,75.4,129.3,0.9,42.8
12/07/2023,14,54.2,203.4,1.8,57.7
12/07/2023,15,48.6,186.3,3.1,266.1
12/07/2023,16,42.8,255.8,0.9,365.5
12/07/2023,17,184.1,41.3,0.9,59.0
12/07/2023,18,60.0,169.7,0.9,242.4
12/07/2023,19,64.0,49.0,0.9,25.4
12/07/2023,20,85.6,49.1,0.9,39.0
12/07/2023,21,65.4,97.8,0.9,26.2
12/07/2023,22,34.7,87.6,0.9,28.5
12/07/2023,23,22.8,67.2,0.9,398.2
12/08/2023,0,84.6,134.2,0.9,357.8
12/08/2023,1,81.7,496.0,0.9,314.2
12/08/2023,2,81.7,142.7,0.9,191.8
12/08/2023,3,367.6,241.2,0.9,104.2
12/08/2023,4,316.3,135.0,0.9,227.4
12/08/2023,5,312.9,160.2,0.9,160.2
12/08/2023,6,158.6,374.6,0.9,374.6
12/08/2023,7,543.1,229.8,0.9,274.2
12/08/2023,8,616.3,197.7,0.9,228.9
12/08/2023,9,395.3,333.3,0.8,333.3
12/08/2023,10,92.0,191.6,,191.6
12/08/2023,11,95.8,60.7,,60.7
12/08/2023,12,83.2,30.2,126.7,30.2
12/08/2023,13,53.5,42.8,90.5,49.0
12/08/2023,14,72.0,290.6,21.5,103.5
12/08/2023,15,60.0,266.1,25.2,266.1
12/08/2023,16,39.9,365.5,92.5,110.0
12/08/2023,17,129.0,59.0,24.7,59.0
12/08/2023,18,52.3,242.4,41.5,242.4
12/08/2023,19,50.8,60.7,47.6,28.4
12/08/2023,20,61.2,39.0,32.3,39.0
12/08/2023,21,16.5,65.2,17.2,42.6
12/08/2023,22,10.8,46.6,15.2,46.6
12/08/2023,23,31.3,398.2,213.6,33.9
12/09/2023,0,276.5,178.6,111.3,98.5
12/09/2023,1,218.0,496.0,79.2,255.0
12/09/2023,2,218.0,125.8,51.8,229.1
12/09/2023,3,521.8,294.3,34.0,69.8
12/09/2023,4,476.2,135.0,62.5,346.0
12/09/2023,5,329.3,123.6,72.7,152.4
12/09/2023,6,229.8,374.6,18.4,374.6
12/09/2023,7,223.8,615.8,138.5,345.4
12/09/2023,8,299.9,431.0,192.1,431.0
12/09/2023,9,147.3,333.3,143.6,333.3
12/09/2023,10,87.1,191.6,60.9,191.6
12/09/2023,11,77.6,97.0,110.1,60.7
12/09/2023,12,91.1,46.3,32.8,46.0
12/09/2023,13,129.2,27.2,23.7,49.0
12/09/2023,14,74.9,49.3,10.9,89.8
12/09/2023,15,47.4,266.1,24.7,266.1
12/09/2023,16,35.8,365.5,45.6,365.5
12/09/2023,17,85.2,59.0,42.5,59.0
12/09/2023,18,119.9,242.4,110.6,100.7
12/09/2023,19,85.5,60.7,54.7,19.4
12/09/2023,20,47.8,51.9,17.2,21.8
12/09/2023,21,41.7,65.2,25.2,49.5
12/09/2023,22,29.8,46.6,20.8,186.6
12/09/2023,23,118.2,84.0,33.0,33.9
12/10/2023,0,118.9,98.5,41.0,80.0
12/10/2023,1,91.8,459.7,80.3,158.5
12/10/2023,2,91.8,196.9,53.5,369.6
12/10/2023,3,133.3,348.4,71.0,193.8
12/10/2023,4,430.6,135.0,182.3,142.0
12/10/2023,5,341.9,333.3,79.0,123.6
12/10/2023,6,126.5,150.6,82.0,374.6
12/10/2023,7,226.5,229.8,133.9,594.1
12/10/2023,8,232.0,197.7,123.2,335.0
12/10/2023,9,252.3,92.4,110.3,92.4
12/10/2023,10,133.8,191.6,67.0,191.6
12/10/2023,11,114.6,97.0,137.0,60.7
12/10/2023,12,69.6,46.3,172.6,46.0
12/10/2023,13,56.0,27.8,152.6,29.8
12/10/2023,14,38.4,49.3,94.4,103.5
12/10/2023,15,19.5,266.1,28.6,266.1
12/10/2023,16,19.2,365.5,54.2,365.5
12/10/2023,17,232.1,59.0,197.0,59.0
12/10/2023,18,177.0,242.4,172.6,242.4
12/10/2023,19,39.4,28.6,80.2,19.4
12/10/2023,20,40.3,70.2,32.5,54.8
12/10/2023,21,37.8,65.2,30.3,26.2
12/10/2023,22,29.1,52.5,48.6,58.4
12/10/2023,23,254.7,153.2,108.0,95.9
12/11/2023,0,224.5,98.5,86.6,98.5
12/11/2023,1,378.2,496.0,53.8,158.1
12/11/2023,2,378.2,303.6,49.9,142.7
12/11/2023,3,191.8,348.4,28.2,161.8
12/11/2023,4,344.6,154.6,18.9,142.0
12/11/2023,5,351.3,123.6,23.3,160.2
12/11/2023,6,360.5,374.6,37.4,374.6
12/11/2023,7,173.7,127.2,76.8,229.8
12/11/2023,8,183.0,335.0,181.4,153.8
12/11/2023,9,189.1,92.4,138.5,92.4
12/11/2023,10,89.1,191.6,58.2,191.6
12/11/2023,11,55.9,97.0,61.2,60.7
12/11/2023,12,43.1,30.2,53.3,46.0
12/11/2023,13,39.1,27.2,81.4,29.8
12/11/2023,14,34.5,49.3,71.0,103.5
12/11/2023,15,36.4,266.1,59.7,266.1
12/11/2023,16,62.2,365.5,205.6,365.5
12/11/2023,17,201.8,59.0,87.1,59.0
12/11/2023,18,50.3,242.4,57.2,242.4
12/11/2023,19,47.4,52.7,33.5,25.4
12/11/2023,20,45.4,51.9,45.7,39.0
12/11/2023,21,47.3,26.2,30.5,26.2
12/11/2023,22,25.9,24.8,37.6,24.8
12/11/2023,23,24.5,76.6,23.2,33.9
12/12/2023,0,25.7,70.8,53.0,42.7
12/12/2023,1,56.1,56.7,7.0,56.7
12/12/2023,2,56.1,36.2,30.0,224.0
12/12/2023,3,271.4,146.2,26.2,271.8
12/12/2023,4,418.9,83.2,70.2,142.0
12/12/2023,5,290.3,123.6,39.1,160.2
12/12/2023,6,465.7,374.6,28.8,374.6
12/12/2023,7,636.4,594.1,207.8,594.1
12/12/2023,8,256.4,358.9,210.5,358.9
12/12/2023,9,307.0,149.8,215.5,88.8
12/12/2023,10,123.1,84.3,131.3,84.3
12/12/2023,11,102.1,86.8,38.1,86.8
12/12/2023,12,83.7,117.5,42.5,117.5
12/12/2023,13,87.2,39.0,56.2,39.0
12/12/2023,14,59.3,290.6,23.0,103.5
12/12/2023,15,37.8,216.6,22.5,216.6
12/12/2023,16,24.3,110.0,50.5,118.4
12/12/2023,17,107.5,59.0,227.3,59.0
12/12/2023,18,111.0,242.4,145.5,242.4
12/12/2023,19,66.9,28.6,84.4,25.4
12/12/2023,20,68.6,51.9,53.0,147.4
12/12/2023,21,64.4,65.2,33.0,26.2
12/12/2023,22,25.7,58.4,15.5,20.8
12/12/2023,23,19.1,44.8,29.5,33.9
12/13/2023,0,106.7,107.4,112.3,392.6
12/13/2023,1,922.0,179.3,71.7,255.0
12/13/2023,2,922.0,323.2,62.4,369.6
12/13/2023,3,,161.8,116.5,217.4
12/13/2023,4,713.5,135.0,179.0,144.7
12/13/2023,5,308.0,160.2,67.6,160.2
12/13/2023,6,302.3,374.6,98.5,374.6
12/13/2023,7,303.3,229.8,179.5,594.1
12/13/2023,8,200.5,431.0,225.8,286.9
12/13/2023,9,98.4,217.0,125.2,333.3
12/13/2023,10,129.0,191.6,251.7,191.6
12/13/2023,11,91.8,55.2,58.7,60.7
12/13/2023,12,150.3,38.4,60.2,45.8
12/13/2023,13,73.2,27.2,17.2,40.4
12/13/2023,14,36.9,49.3,101.6,290.6
12/13/2023,15,26.2,266.1,68.8,266.1
12/13/2023,16,74.2,365.5,77.0,365.5
12/13/2023,17,99.9,90.2,266.2,61.2
12/13/2023,18,36.4,242.4,156.5,242.4
12/13/2023,19,59.3,69.7,99.4,19.4
12/13/2023,20,55.4,70.2,71.7,21.8
12/13/2023,21,27.6,65.2,99.5,26.2
12/13/2023,22,24.5,58.4,142.6,20.8
12/13/2023,23,37.6,87.7,79.7,33.9
12/14/2023,0,65.4,98.5,45.9,128.1
12/14/2023,1,115.5,496.0,84.1,305.0
12/14/2023,2,115.5,142.7,55.7,369.6
12/14/2023,3,134.8,161.8,45.4,241.2
12/14/2023,4,92.0,135.0,75.3,103.2
12/14/2023,5,201.5,241.2,42.2,160.2
12/14/2023,6,132.1,263.3,42.5,374.6
12/14/2023,7,224.0,229.8,149.3,108.5
12/14/2023,8,225.2,531.7,107.5,164.4
12/14/2023,9,182.5,173.8,113.5,333.3
12/14/2023,10,76.1,191.6,123.0,191.6
12/14/2023,11,75.7,55.2,58.4,42.9
12/14/2023,12,72.0,46.3,108.0,53.9
12/14/2023,13,45.0,27.8,138.6,23.2
12/14/2023,14,42.5,65.2,125.2,61.2
12/14/2023,15,27.7,96.7,81.0,266.1
12/14/2023,16,23.8,365.5,49.4,365.5
12/14/2023,17,17.0,61.2,80.7,59.0
12/14/2023,18,96.5,242.4,76.6,242.4
12/14/2023,19,93.8,28.6,57.7,12.5
12/14/2023,20,45.0,70.2,33.5,61.0
12/14/2023,21,44.2,65.2,26.6,26.2
12/14/2023,22,35.0,119.2,22.3,46.4
12/14/2023,23,25.6,153.2,16.4,147.8
12/15/2023,0,33.4,134.2,19.8,98.5
12/15/2023,1,43.9,496.0,64.1,158.5
12/15/2023,2,43.9,142.7,23.2,369.6
12/15/2023,3,139.2,348.4,43.7,193.8
12/15/2023,4,121.4,135.0,50.8,160.8
12/15/2023,5,196.5,123.6,56.2,150.0
12/15/2023,6,233.2,374.6,33.5,374.6
12/15/2023,7,164.3,229.8,148.7,108.5
12/15/2023,8,190.3,197.7,197.5,153.8
12/15/2023,9,172.2,333.3,99.2,333.3
12/15/2023,10,97.7,191.6,51.5,191.6
12/15/2023,11,49.1,97.0,160.6,60.7
12/15/2023,12,68.1,46.3,59.4,30.2
12/15/2023,13,80.5,27.2,68.3,42.8
12/15/2023,14,58.1,290.6,114.3,89.8
12/15/2023,15,47.3,266.1,63.6,266.1
12/15/2023,16,43.0,365.5,93.9,365.5
12/15/2023,17,432.1,90.2,807.0,59.0
12/15/2023,18,75.9,242.4,179.8,242.4
12/15/2023,19,50.8,59.1,82.9,25.4
12/15/2023,20,49.6,102.3,34.2,39.0
12/15/2023,21,34.5,65.2,28.8,111.2
12/15/2023,22,56.1,46.6,24.7,20.8
12/15/2023,23,26.1,44.8,34.0,35.0
12/16/2023,0,60.7,134.2,38.6,59.8
12/16/2023,1,44.7,459.7,37.9,115.0
12/16/2023,2,44.6,196.9,53.8,36.2
12/16/2023,3,108.2,348.4,35.2,271.8
12/16/2023,4,278.1,80.0,91.5,142.0
12/16/2023,5,163.3,123.6,58.5,123.6
12/16/2023,6,176.4,374.6,61.7,374.6
12/16/2023,7,150.8,131.8,159.7,112.0
12/16/2023,8,120.1,197.7,207.6,358.9
12/16/2023,9,113.6,91.1,126.9,91.1
12/16/2023,10,166.7,63.2,115.5,63.2
12/16/2023,11,69.8,97.0,109.6,60.7
12/16/2023,12,68.2,30.2,114.5,30.2
12/16/2023,13,59.3,27.2,47.9,35.0
12/16/2023,14,48.6,290.6,48.6,89.8
12/16/2023,15,54.5,266.1,62.4,266.1
12/16/2023,16,48.1,425.5,63.4,110.0
12/16/2023,17,77.6,59.0,110.9,59.0
12/16/2023,18,122.9,242.4,124.5,242.4
12/16/2023,19,116.6,52.7,96.4,25.4
12/16/2023,20,91.6,21.8,57.7,21.8
12/16/2023,21,44.2,65.2,31.1,27.8
12/16/2023,22,27.4,46.6,25.7,20.8
12/16/2023,23,25.4,44.8,26.2,33.9
12/17/2023,0,141.5,134.2,39.1,37.4
12/17/2023,1,105.2,84.6,73.6,84.6
12/17/2023,2,105.2,33.5,73.2,58.0
12/17/2023,3,206.7,33.3,47.6,33.3
12/17/2023,4,147.6,80.0,17.0,44.8
12/17/2023,5,164.8,197.2,25.9,43.7
12/17/2023,6,311.4,53.2,84.2,198.8
12/17/2023,7,182.3,131.8,71.5,229.8
12/17/2023,8,168.9,109.8,66.8,358.9
12/17/2023,9,136.5,92.4,106.5,92.4
12/17/2023,10,57.1,75.4,34.0,48.2
12/17/2023,11,65.9,51.0,46.2,60.7
12/17/2023,12,67.9,117.9,73.7,30.2
12/17/2023,13,58.1,327.2,85.2,35.0
12/17/2023,14,58.1,290.6,72.5,82.3
12/17/2023,15,41.5,266.1,49.1,266.1
12/17/2023,16,44.7,395.2,57.3,365.5
12/17/2023,17,87.9,59.0,143.2,59.0
12/17/2023,18,88.9,242.4,69.4,242.4
12/17/2023,19,56.2,52.7,61.0,25.4
12/17/2023,20,52.2,70.2,20.1,39.0
12/17/2023,21,38.6,65.2,33.5,26.2
12/17/2023,22,17.5,46.6,34.0,87.4
12/17/2023,23,40.5,44.8,52.8,33.9
12/18/2023,0,49.5,134.2,37.9,28.4
12/18/2023,1,40.0,142.2,39.1,40.9
12/18/2023,2,40.0,139.6,46.0,53.7
12/18/2023,3,85.1,90.9,44.0,131.4
12/18/2023,4,108.2,80.0,99.3,238.6
12/18/2023,5,182.5,197.2,110.1,43.7
12/18/2023,6,180.8,198.8,97.8,122.2
12/18/2023,7,392.7,131.8,101.4,94.6
12/18/2023,8,360.3,135.0,265.2,208.7
12/18/2023,9,259.3,91.1,140.7,91.1
12/18/2023,10,0.7,48.2,,48.2
12/18/2023,11,,197.0,152.3,197.0
12/18/2023,12,0.7,64.8,146.8,64.8
12/18/2023,13,2.1,184.7,106.5,39.0
12/18/2023,14,4.5,290.6,99.0,290.6
12/18/2023,15,0.7,216.6,87.3,216.6
12/18/2023,16,0.7,110.0,310.7,395.2
12/18/2023,17,0.7,59.0,240.5,59.0
12/18/2023,18,0.7,59.4,79.3,59.4
12/18/2023,19,0.7,46.2,67.8,25.4
12/18/2023,20,3.0,51.9,45.4,21.8
12/18/2023,21,5.6,26.2,42.5,31.2
12/18/2023,22,0.7,64.0,38.1,64.0
12/18/2023,23,0.7,76.6,76.3,33.9
12/19/2023,0,0.7,28.4,64.1,59.8
12/19/2023,1,4.9,115.0,41.8,115.0
12/19/2023,2,4.9,81.5,47.7,36.2
12/19/2023,3,3.3,53.0,42.8,53.0
12/19/2023,4,3.0,57.1,43.0,112.3
12/19/2023,5,5.1,123.6,85.9,123.6
12/19/2023,6,3.0,374.6,32.8,374.6
12/19/2023,7,0.7,229.8,90.3,594.1
12/19/2023,8,0.7,358.9,229.0,358.9
12/19/2023,9,0.7,92.4,187.8,92.4
12/19/2023,10,0.7,191.6,144.1,191.6
12/19/2023,11,0.7,97.0,116.2,60.7
12/19/2023,12,3.3,46.3,174.7,30.2
12/19/2023,13,10.3,53.4,97.1,184.7
12/19/2023,14,7.2,290.6,47.4,290.6
12/19/2023,15,4.2,266.1,84.9,266.1
12/19/2023,16,1.4,425.5,48.6,110.0
12/19/2023,17,0.7,59.0,224.1,59.0
12/19/2023,18,2.3,242.4,236.4,74.5
12/19/2023,19,2.1,52.7,79.0,25.4
12/19/2023,20,5.9,51.9,46.7,21.8
12/19/2023,21,4.9,65.2,33.0,26.2
12/19/2023,22,0.7,46.6,26.7,46.6
12/19/2023,23,0.7,153.2,37.6,147.8
12/20/2023,0,0.7,134.2,76.6,134.2
12/20/2023,1,3.3,87.0,80.5,167.3
12/20/2023,2,3.3,196.9,45.2,36.2
12/20/2023,3,8.3,161.8,40.1,133.8
12/20/2023,4,3.7,135.0,43.0,142.0
12/20/2023,5,2.7,160.2,56.3,160.2
12/20/2023,6,1.8,592.0,28.0,510.3
12/20/2023,7,0.7,196.2,68.4,196.2
12/20/2023,8,4.7,371.8,320.1,674.2
12/20/2023,9,4.2,337.3,208.5,337.3
12/20/2023,10,0.7,191.6,81.5,191.6
12/20/2023,11,4.4,51.0,69.3,60.7
12/20/2023,12,9.4,117.9,55.6,38.4
12/20/2023,13,11.8,327.2,30.3,53.4
12/20/2023,14,6.6,290.6,27.0,290.6
12/20/2023,15,0.7,266.1,20.4,266.1
12/20/2023,16,0.7,395.2,53.0,110.0
12/20/2023,17,0.7,59.0,0.9,59.0
12/20/2023,18,0.7,242.4,,242.4
12/20/2023,19,0.7,12.5,181.4,25.4
12/20/2023,20,0.7,102.3,46.4,39.0
12/20/2023,21,5.6,65.2,29.8,27.8
12/20/2023,22,2.1,46.6,51.5,58.4
12/20/2023,23,0.7,398.2,52.8,106.8
12/21/2023,0,0.7,98.5,54.5,98.5
12/21/2023,1,0.9,496.0,56.2,158.5
12/21/2023,2,0.8,142.7,43.8,229.1
12/21/2023,3,2.3,241.2,40.1,241.2
12/21/2023,4,2.7,195.1,59.7,103.2
12/21/2023,5,0.7,102.0,36.7,114.4
12/21/2023,6,2.3,331.5,53.6,592.0
12/21/2023,7,2.5,352.0,136.6,276.3
12/21/2023,8,0.7,335.0,296.0,286.9
12/21/2023,9,0.8,333.3,256.9,333.3
12/21/2023,10,0.7,191.6,476.6,191.6
12/21/2023,11,2.3,97.0,297.3,60.7
12/21/2023,12,8.1,46.3,60.5,30.2
12/21/2023,13,,327.2,32.3,42.8
12/21/2023,14,87.9,290.6,18.7,290.6
12/21/2023,15,41.5,266.1,46.9,266.1
12/21/2023,16,109.3,110.0,85.8,110.0
12/21/2023,17,73.0,59.0,57.2,59.0
12/21/2023,18,49.1,242.4,46.9,242.4
12/21/2023,19,59.3,83.2,57.4,12.5
12/21/2023,20,33.0,51.9,46.1,20.7
12/21/2023,21,6.4,65.2,10.9,26.2
12/21/2023,22,17.7,46.6,21.8,58.4
12/21/2023,23,15.2,44.8,25.9,80.2
12/22/2023,0,10.5,98.5,15.0,358.2
12/22/2023,1,62.4,459.7,21.5,255.0
12/22/2023,2,62.4,205.4,21.8,229.1
12/22/2023,3,134.3,348.4,33.7,161.8
12/22/2023,4,133.8,135.0,52.0,227.4
12/22/2023,5,179.6,160.2,66.8,102.0
12/22/2023,6,256.9,374.6,41.7,510.3
12/22/2023,7,115.0,304.9,135.1,274.2
12/22/2023,8,159.1,371.8,231.3,228.9
12/22/2023,9,112.6,337.3,128.9,337.3
12/22/2023,10,115.8,191.6,30.6,191.6
12/22/2023,11,35.0,116.8,82.0,103.2
12/22/2023,12,89.6,117.9,28.9,53.9
12/22/2023,13,75.7,327.2,15.7,57.0
12/22/2023,14,39.1,290.6,27.7,82.3
12/22/2023,15,35.5,266.1,81.2,33.2
12/22/2023,16,92.6,110.0,40.0,365.5
12/22/2023,17,129.0,59.0,43.9,59.0
12/22/2023,18,75.2,242.4,57.0,242.4
12/22/2023,19,42.0,70.0,40.0,25.4
12/22/2023,20,44.7,102.3,17.2,115.2
12/22/2023,21,43.7,65.2,31.3,26.2
12/22/2023,22,23.0,58.4,26.4,88.6
12/22/2023,23,22.3,153.2,19.1,95.9
12/23/2023,0,184.4,358.2,38.6,98.5
12/23/2023,1,435.4,496.0,66.8,158.1
12/23/2023,2,435.4,191.8,66.9,369.6
12/23/2023,3,301.1,161.8,65.2,147.7
12/23/2023,4,137.5,135.0,88.8,346.0
12/23/2023,5,100.8,160.2,42.3,160.2
12/23/2023,6,284.2,374.6,39.4,374.6
12/23/2023,7,670.5,353.4,138.2,274.2
12/23/2023,8,282.3,431.0,272.0,228.9
12/23/2023,9,632.0,217.0,190.7,333.3
12/23/2023,10,,191.6,338.2,191.6
12/23/2023,11,116.1,103.2,164.0,51.0
12/23/2023,12,87.2,46.3,71.3,38.4
12/23/2023,13,34.2,53.4,33.0,42.8
12/23/2023,14,40.6,290.6,39.8,103.5
12/23/2023,15,41.2,266.1,14.3,266.1
12/23/2023,16,52.8,110.0,124.0,425.5
12/23/2023,17,123.4,59.0,83.9,59.0
12/23/2023,18,75.2,242.4,60.0,100.7
12/23/2023,19,99.2,28.6,94.4,25.4
12/23/2023,20,130.4,21.8,74.6,21.8
12/23/2023,21,45.1,67.5,34.7,42.6
12/23/2023,22,33.9,28.5,41.7,20.8
12/23/2023,23,33.2,398.2,42.0,220.6
12/24/2023,0,34.2,98.5,39.8,165.0
12/24/2023,1,127.7,87.0,86.1,332.7
12/24/2023,2,127.7,142.7,49.6,36.2
12/24/2023,3,128.2,348.4,35.2,193.8
12/24/2023,4,38.6,142.0,22.3,133.0
12/24/2023,5,49.6,160.2,21.8,160.2
12/24/2023,6,211.1,374.6,16.4,374.6
12/24/2023,7,582.5,196.2,222.2,547.7
12/24/2023,8,101.5,431.0,94.6,197.7
12/24/2023,9,61.6,92.4,65.6,92.4
12/24/2023,10,50.0,191.6,54.0,191.6
12/24/2023,11,70.3,97.0,57.2,51.0
12/24/2023,12,119.0,46.3,51.3,30.2
12/24/2023,13,84.7,53.4,41.3,49.0
12/24/2023,14,29.9,103.5,62.2,103.5
12/24/2023,15,37.4,266.1,37.1,266.1
12/24/2023,16,18.7,365.5,59.7,365.5
12/24/2023,17,55.9,59.0,128.2,59.0
12/24/2023,18,90.1,242.4,54.0,242.4
12/24/2023,19,48.9,27.7,37.6,19.4
12/24/2023,20,60.2,51.9,53.3,21.8
12/24/2023,21,50.8,65.2,34.7,31.2
12/24/2023,22,25.4,46.6,46.2,32.8
12/24/2023,23,177.4,44.8,26.9,33.9
12/25/2023,0,160.9,134.2,50.8,128.1
12/25/2023,1,322.0,87.0,68.5,332.7
12/25/2023,2,321.9,205.4,78.0,36.2
12/25/2023,3,482.5,90.9,84.1,93.6
12/25/2023,4,192.1,154.6,43.7,44.8
12/25/2023,5,264.9,123.6,130.6,43.7
12/25/2023,6,287.6,198.8,134.1,198.8
12/25/2023,7,228.2,131.8,51.6,594.1
12/25/2023,8,217.0,197.7,106.1,358.9
12/25/2023,9,198.5,92.4,85.4,92.4
12/25/2023,10,175.7,191.6,212.9,191.6
12/25/2023,11,94.1,86.8,208.5,86.8
12/25/2023,12,68.6,39.5,150.5,74.2
12/25/2023,13,61.9,52.3,33.5,66.2
12/25/2023,14,41.5,89.8,28.8,89.8
12/25/2023,15,23.6,216.6,54.3,216.6
12/25/2023,16,28.9,152.0,47.9,152.0
12/25/2023,17,203.6,61.2,16.0,59.0
12/25/2023,18,32.1,39.3,331.3,39.3
12/25/2023,19,75.7,55.6,47.4,12.5
12/25/2023,20,28.8,70.2,13.3,39.0
12/25/2023,21,14.5,26.2,16.7,26.2
12/25/2023,22,3.2,64.0,75.8,87.4
12/25/2023,23,0.7,76.6,122.5,33.9
12/26/2023,0,99.3,165.0,185.1,357.8
12/26/2023,1,61.4,158.5,91.7,158.5
12/26/2023,2,61.4,36.2,36.4,36.2
12/26/2023,3,532.3,93.6,81.9,93.6
12/26/2023,4,179.3,83.2,68.3,44.8
12/26/2023,5,81.2,43.7,49.1,43.7
12/26/2023,6,167.7,74.0,110.7,198.8
12/26/2023,7,178.9,131.8,127.3,112.0
12/26/2023,8,332.5,335.0,143.8,358.9
12/26/2023,9,146.0,92.4,155.7,92.4
12/26/2023,10,114.1,48.2,61.2,191.6
12/26/2023,11,118.7,97.0,103.8,60.7
12/26/2023,12,120.2,46.3,138.8,30.2
12/26/2023,13,81.8,27.8,124.0,42.8
12/26/2023,14,84.2,57.7,116.8,89.8
12/26/2023,15,74.5,266.1,88.8,266.1
12/26/2023,16,66.6,365.5,75.6,365.5
12/26/2023,17,52.3,61.2,141.2,59.0
12/26/2023,18,57.2,242.4,83.2,100.7
12/26/2023,19,64.5,52.7,64.8,25.4
12/26/2023,20,43.0,51.9,41.5,21.8
12/26/2023,21,29.3,65.2,37.8,26.2
12/26/2023,22,25.2,46.6,25.4,87.4
12/26/2023,23,24.2,44.8,28.4,33.9
12/27/2023,0,26.4,134.2,31.1,128.1
12/27/2023,1,42.2,87.0,73.2,167.3
12/27/2023,2,42.2,205.4,58.7,139.6
12/27/2023,3,479.4,90.9,75.1,33.3
12/27/2023,4,196.6,80.0,80.7,44.8
12/27/2023,5,192.6,123.6,40.9,43.7
12/27/2023,6,193.8,198.8,166.4,282.2
12/27/2023,7,404.6,127.2,188.3,173.2
12/27/2023,8,265.1,335.0,254.5,358.9
12/27/2023,9,206.7,92.4,125.9,92.4
12/27/2023,10,70.8,191.6,71.5,191.6
12/27/2023,11,52.0,97.0,60.2,60.7
12/27/2023,12,61.5,30.2,,30.2
12/27/2023,13,65.7,27.8,,29.8
12/27/2023,14,67.9,48.8,,89.8
12/27/2023,15,58.3,266.1,,266.1
12/27/2023,16,51.1,365.5,1.0,425.5
12/27/2023,17,57.9,59.0,,59.0
12/27/2023,18,278.9,242.4,210.3,74.5
12/27/2023,19,49.4,45.6,48.4,12.5
12/27/2023,20,39.3,51.9,31.3,147.4
12/27/2023,21,59.2,65.2,30.3,26.2
12/27/2023,22,72.5,52.5,10.2,24.8
12/27/2023,23,18.2,153.2,20.1,33.9
12/28/2023,0,18.9,134.2,13.1,89.6
12/28/2023,1,97.4,459.7,26.9,115.0
12/28/2023,2,97.4,142.7,126.9,512.4
12/28/2023,3,139.5,161.8,43.5,193.8
12/28/2023,4,347.0,135.0,21.8,112.3
12/28/2023,5,454.7,123.6,60.5,156.8
12/28/2023,6,257.6,202.6,111.6,202.6
12/28/2023,7,84.1,229.8,87.3,594.1
12/28/2023,8,260.2,197.7,282.1,358.9
12/28/2023,9,194.6,92.4,163.0,92.4
12/28/2023,10,116.0,48.2,103.1,48.2
12/28/2023,11,62.9,97.0,161.3,60.7
12/28/2023,12,59.5,30.2,,30.2
12/28/2023,13,42.8,27.8,,42.8
12/28/2023,14,41.1,85.6,66.6,82.3
12/28/2023,15,27.2,96.7,31.1,114.8
12/28/2023,16,31.3,365.5,34.2,99.6
12/28/2023,17,19.5,59.0,21.6,61.2
12/28/2023,18,65.9,100.7,129.9,100.7
12/28/2023,19,111.2,19.4,75.6,25.4
12/28/2023,20,49.3,21.8,34.4,21.8
12/28/2023,21,15.0,65.2,14.0,49.5
12/28/2023,22,8.9,58.4,9.7,64.0
12/28/2023,23,46.8,44.8,10.7,33.9
12/29/2023,0,20.4,134.2,10.2,28.4
12/29/2023,1,20.4,142.2,26.9,84.6
12/29/2023,2,72.2,205.4,34.5,58.0
12/29/2023,3,39.1,33.3,17.7,33.3
12/29/2023,4,59.3,80.0,10.4,44.8
12/29/2023,5,66.9,197.2,33.5,65.3
12/29/2023,6,666.8,125.8,26.0,125.8
12/29/2023,7,139.7,103.3,113.9,146.4
12/29/2023,8,274.6,75.0,85.4,143.8
12/29/2023,9,236.9,54.6,91.0,54.6
12/29/2023,10,50.1,61.8,110.9,61.8
12/29/2023,11,40.1,97.0,78.5,60.7
12/29/2023,12,68.1,30.2,32.8,30.2
12/29/2023,13,61.7,27.2,24.8,35.0
12/29/2023,14,38.3,103.5,35.7,89.8
12/29/2023,15,44.2,266.1,55.6,266.1
12/29/2023,16,215.6,365.5,179.3,365.5
12/29/2023,17,39.1,59.0,108.5,59.0
12/29/2023,18,43.7,242.4,63.5,242.4
12/29/2023,19,24.6,129.0,93.7,19.4
12/29/2023,20,17.9,39.0,62.7,21.8
12/29/2023,21,22.3,165.5,20.6,31.2
12/29/2023,22,20.3,46.6,27.4,20.8
12/29/2023,23,19.9,153.2,21.6,63.8
12/30/2023,0,47.6,98.5,14.6,167.8
12/30/2023,1,43.5,167.3,38.6,115.0
12/30/2023,2,59.0,139.6,20.6,34.2
12/30/2023,3,45.4,90.9,11.4,33.3
12/30/2023,4,71.9,80.0,55.8,44.8
12/30/2023,5,508.7,197.2,25.7,43.7
12/30/2023,6,390.9,125.8,56.8,122.2
12/30/2023,7,530.4,270.4,99.0,94.6
12/30/2023,8,149.8,75.0,166.7,93.0
12/30/2023,9,143.6,54.6,182.6,123.4
12/30/2023,10,207.2,61.8,101.7,61.8
12/30/2023,11,44.4,97.0,54.8,60.7
12/30/2023,12,64.5,30.2,77.3,30.2
12/30/2023,13,87.7,35.0,16.0,184.7
12/30/2023,14,38.4,103.5,17.7,290.6
12/30/2023,15,29.8,266.1,19.1,266.1
12/30/2023,16,58.1,365.5,32.6,110.0
12/30/2023,17,104.0,59.0,152.4,59.0
12/30/2023,18,41.8,242.4,83.2,242.4
12/30/2023,19,29.1,129.0,21.3,19.4
12/30/2023,20,19.9,21.8,30.3,21.8
12/30/2023,21,22.3,38.8,31.1,55.2
12/30/2023,22,30.7,46.6,23.0,20.8
12/30/2023,23,25.4,44.8,30.6,63.8
12/31/2023,0,74.1,98.5,35.7,28.4
12/31/2023,1,33.4,87.0,45.7,40.2
12/31/2023,2,46.3,33.5,21.8,203.3
12/31/2023,3,30.3,90.9,16.7,26.0
12/31/2023,4,104.7,80.0,17.2,43.9
12/31/2023,5,125.8,65.3,68.1,66.6
12/31/2023,6,648.7,58.7,70.5,38.2
12/31/2023,7,313.7,103.3,109.5,92.4
12/31/2023,8,204.7,115.3,87.3,143.8
12/31/2023,9,80.5,77.0,65.1,77.0
12/31/2023,10,77.4,61.8,44.0,61.8
12/31/2023,11,69.8,97.0,130.7,60.7
12/31/2023,12,54.5,30.2,115.6,30.2
12/31/2023,13,31.6,42.8,70.8,53.4
12/31/2023,14,41.3,290.6,22.8,290.6
12/31/2023,15,36.5,266.1,30.8,266.1
12/31/2023,16,142.5,110.0,58.5,110.0
12/31/2023,17,87.2,238.2,145.1,59.0
12/31/2023,18,46.7,242.4,59.2,242.4
12/31/2023,19,25.3,59.1,35.0,19.4
12/31/2023,20,18.7,21.8,27.2,21.8
12/31/2023,21,7.1,57.8,21.8,31.2
12/31/2023,22,15.5,58.4,9.0,229.1
12/31/2023,23,33.9,33.9,19.2,33.9
01/01/2024,0,31.0,70.8,29.6,70.8
01/01/2024,1,45.4,332.7,20.1,332.7
01/01/2024,2,45.4,81.5,24.0,81.5
01/01/2024,3,60.0,33.3,39.1,90.9
01/01/2024,4,138.0,44.8,18.2,44.8
01/01/2024,5,242.2,43.7,52.6,43.7
01/01/2024,6,138.0,146.8,32.8,146.8
01/01/2024,7,196.1,103.3,61.8,103.3
01/01/2024,8,,119.3,69.1,75.0
01/01/2024,9,740.8,54.6,145.6,123.4
01/01/2024,10,177.9,61.8,135.1,61.8
01/01/2024,11,112.9,97.0,117.5,42.9
01/01/2024,12,68.2,46.0,55.0,46.0
01/01/2024,13,63.2,42.8,40.3,35.0
01/01/2024,14,27.9,290.6,29.4,82.3
01/01/2024,15,29.9,183.2,38.1,216.6
01/01/2024,16,23.4,395.2,81.3,67.2
01/01/2024,17,197.6,122.0,116.8,122.0
01/01/2024,18,78.6,76.2,68.8,76.2
01/01/2024,19,37.7,46.2,38.8,19.4
01/01/2024,20,34.8,21.8,18.6,21.8
01/01/2024,21,25.2,31.2,26.2,26.2
01/01/2024,22,23.1,20.8,21.6,20.8
01/01/2024,23,28.5,33.9,26.2,33.9
01/02/2024,0,36.6,70.8,23.0,28.4
01/02/2024,1,33.5,115.0,32.6,40.9
01/02/2024,2,33.5,81.5,39.1,81.5
01/02/2024,3,297.9,33.3,29.1,90.9
01/02/2024,4,55.9,44.8,42.3,44.8
01/02/2024,5,377.2,65.3,82.0,43.7
01/02/2024,6,88.1,125.8,63.2,125.8
01/02/2024,7,222.5,103.3,60.0,103.3
01/02/2024,8,113.3,115.3,131.1,115.3
01/02/2024,9,190.6,123.4,145.1,54.6
01/02/2024,10,176.5,61.8,69.5,61.8
01/02/2024,11,94.8,97.0,137.1,60.7
01/02/2024,12,50.1,46.0,85.2,46.0
01/02/2024,13,57.0,53.4,,35.0
01/02/2024,14,36.0,290.6,43.7,82.3
01/02/2024,15,53.2,183.2,22.3,51.2
01/02/2024,16,28.6,110.0,121.6,425.5
01/02/2024,17,116.8,77.5,192.6,130.4
01/02/2024,18,60.0,76.2,28.0,55.9
01/02/2024,19,45.5,46.2,68.1,19.4
01/02/2024,20,81.0,21.8,53.3,21.8
01/02/2024,21,46.8,42.6,44.0,31.2
01/02/2024,22,28.6,20.8,42.0,20.8
01/02/2024,23,31.3,56.6,51.1,33.9
01/03/2024,0,59.3,70.8,40.8,70.8
01/03/2024,1,57.1,115.0,42.0,115.0
01/03/2024,2,110.7,34.2,39.6,34.2
01/03/2024,3,90.3,33.3,45.0,90.9
01/03/2024,4,356.2,44.8,43.8,44.8
01/03/2024,5,168.9,43.7,132.0,65.3
01/03/2024,6,66.6,125.8,91.6,125.8
01/03/2024,7,141.5,103.3,52.8,103.3
01/03/2024,8,179.9,115.3,141.8,119.3
01/03/2024,9,77.9,123.4,181.4,123.4
01/03/2024,10,55.2,95.5,90.8,39.6
01/03/2024,11,63.5,99.0,71.5,49.8
01/03/2024,12,84.7,74.2,136.1,74.2
01/03/2024,13,32.3,53.4,74.7,35.0
01/03/2024,14,33.7,290.6,55.0,89.8
01/03/2024,15,45.2,183.2,53.0,216.6
01/03/2024,16,30.6,395.2,37.4,63.4
01/03/2024,17,92.6,238.2,95.9,84.6
01/03/2024,18,84.7,59.0,69.1,39.4
01/03/2024,19,82.7,46.2,38.6,19.4
01/03/2024,20,37.4,27.6,21.6,8.4
01/03/2024,21,21.8,39.0,19.4,39.0
01/03/2024,22,19.4,229.1,31.8,229.1
01/03/2024,23,20.8,33.9,17.0,33.9
01/04/2024,0,30.8,70.8,19.9,70.8
01/04/2024,1,59.5,115.0,35.0,115.0
01/04/2024,2,58.8,34.2,20.5,36.2
01/04/2024,3,35.7,33.3,15.8,45.2
01/04/2024,4,65.6,44.8,43.7,44.8
01/04/2024,5,154.9,43.7,41.8,43.7
01/04/2024,6,248.5,74.0,133.4,122.2
01/04/2024,7,137.5,103.3,156.5,345.4
01/04/2024,8,305.1,135.0,229.0,212.7
01/04/2024,9,250.7,123.4,106.1,123.4
01/04/2024,10,72.5,127.6,75.9,127.6
01/04/2024,11,64.2,99.0,282.1,49.8
01/04/2024,12,56.4,74.2,150.4,123.6
01/04/2024,13,51.6,53.4,56.5,35.0
01/04/2024,14,46.7,103.5,68.8,103.5
01/04/2024,15,40.8,216.6,27.4,216.6
01/04/2024,16,71.6,152.0,80.7,63.4
01/04/2024,17,108.0,84.6,79.0,84.6
01/04/2024,18,50.8,47.2,40.1,92.8
01/04/2024,19,37.6,46.2,46.4,19.4
01/04/2024,20,35.9,44.1,33.0,31.0
01/04/2024,21,26.9,39.0,25.7,26.2
01/04/2024,22,20.4,87.4,26.0,87.4
01/04/2024,23,19.1,33.9,25.7,33.9
01/05/2024,0,27.8,28.4,46.0,80.0
01/05/2024,1,34.0,142.2,47.9,84.6
01/05/2024,2,65.9,58.0,17.5,58.0
01/05/2024,3,51.0,33.3,16.5,33.3
01/05/2024,4,57.3,80.0,11.6,80.0
01/05/2024,5,68.8,197.2,20.9,65.3
01/05/2024,6,202.3,125.8,96.4,125.8
01/05/2024,7,250.7,103.3,139.1,103.3
01/05/2024,8,308.8,115.3,164.3,75.0
01/05/2024,9,184.8,54.6,104.8,54.6
01/05/2024,10,86.4,127.6,76.4,127.6
01/05/2024,11,48.6,99.0,85.2,49.8
01/05/2024,12,53.8,74.2,86.9,44.7
01/05/2024,13,57.2,42.8,53.6,53.4
01/05/2024,14,45.2,103.5,40.1,290.6
01/05/2024,15,35.0,216.6,26.5,216.6
01/05/2024,16,28.3,110.0,46.9,425.5
01/05/2024,17,91.6,238.2,89.5,130.4
01/05/2024,18,90.1,50.0,62.1,92.8
01/05/2024,19,45.9,46.2,50.8,12.5
01/05/2024,20,31.6,44.1,18.6,31.0
01/05/2024,21,29.6,33.8,20.6,26.2
01/05/2024,22,17.8,64.0,23.5,64.0
01/05/2024,23,23.8,33.9,26.7,33.9
01/06/2024,0,43.2,80.0,24.3,80.0
01/06/2024,1,65.9,332.7,43.5,332.7
01/06/2024,2,551.5,36.2,24.5,58.0
01/06/2024,3,347.6,90.9,56.0,33.3
01/06/2024,4,439.1,80.0,54.1,80.0
01/06/2024,5,216.2,43.7,156.5,43.7
01/06/2024,6,337.9,198.8,82.5,74.0
01/06/2024,7,213.4,270.4,99.8,276.3
01/06/2024,8,154.9,135.0,151.2,212.7
01/06/2024,9,259.1,91.1,222.4,91.1
01/06/2024,10,101.8,75.4,61.2,75.4
01/06/2024,11,160.6,51.0,93.4,60.7
01/06/2024,12,96.1,97.2,25.2,60.2
01/06/2024,13,42.0,184.7,20.6,35.0
01/06/2024,14,55.9,290.6,24.5,89.8
01/06/2024,15,53.4,216.6,35.2,189.3
01/06/2024,16,68.8,67.2,43.0,152.0
01/06/2024,17,78.6,184.3,50.8,184.3
01/06/2024,18,71.3,55.9,61.5,55.9
01/06/2024,19,60.5,46.2,47.4,19.4
01/06/2024,20,38.9,39.0,46.9,39.0
01/06/2024,21,33.7,26.2,33.2,111.2
01/06/2024,22,24.2,46.4,32.8,186.6
01/06/2024,23,86.9,63.8,39.4,33.9
01/07/2024,0,147.9,59.8,29.8,80.0
01/07/2024,1,64.4,332.7,39.8,142.2
01/07/2024,2,322.0,36.2,32.6,58.0
01/07/2024,3,52.3,90.9,29.0,33.3
01/07/2024,4,407.2,80.0,43.0,80.0
01/07/2024,5,361.3,197.2,72.2,197.2
01/07/2024,6,198.8,198.8,40.6,146.8
01/07/2024,7,711.7,270.4,69.3,131.8
01/07/2024,8,309.5,212.7,162.6,212.7
01/07/2024,9,225.3,92.4,262.8,92.4
01/07/2024,10,101.3,191.6,61.2,191.6
01/07/2024,11,112.9,60.7,41.0,60.7
01/07/2024,12,153.5,97.2,54.3,60.2
01/07/2024,13,64.7,53.4,21.3,42.8
01/07/2024,14,77.6,290.6,21.1,103.5
01/07/2024,15,43.5,216.6,17.0,216.6
01/07/2024,16,41.0,110.0,53.6,67.2
01/07/2024,17,186.0,84.6,69.1,84.6
01/07/2024,18,68.6,59.0,82.5,133.2
01/07/2024,19,33.5,46.2,62.4,12.5
01/07/2024,20,23.6,27.6,22.0,31.0
01/07/2024,21,7.3,39.0,11.9,49.5
01/07/2024,22,12.5,46.4,15.0,46.4
01/07/2024,23,41.5,56.6,15.3,33.9
01/08/2024,0,582.0,,9.7,
01/08/2024,1,306.3,,81.0,
01/08/2024,2,381.9,,90.6,
01/08/2024,3,454.5,,84.2,
01/08/2024,4,220.5,,44.2,
01/08/2024,5,214.6,,73.0,
01/08/2024,6,,,,
01/08/2024,7,,,,
01/08/2024,8,,,,
01/08/2024,9,,,,
01/08/2024,10,,,,
01/08/2024,11,,,,
01/08/2024,12,,,,
01/08/2024,13,,,,
01/08/2024,14,,,,
01/08/2024,15,,,,
01/08/2024,16,,,,
01/08/2024,17,,,,
01/08/2024,18,,,,
01/08/2024,19,,,,
01/08/2024,20,,,,
01/08/2024,21,,,,
01/08/2024,22,,,,
01/08/2024,23,,,,
